1502548179.8650310039520263671875;30208.0
1502548179.9187605381011962890625;37376.0
1502548179.962275028228759765625;36864.0
1502548180.0143840312957763671875;41472.0
1502548180.126415252685546875;50944.0
1502548180.1551325321197509765625;38144.0
1502548180.1551821231842041015625;31488.0
1502548180.2056920528411865234375;69888.0
1502548180.2253654003143310546875;42240.0
1502548180.226424694061279296875;29184.0
1502548180.26693248748779296875;37632.0
1502548180.2771599292755126953125;43264.0
1502548180.35145092010498046875;29696.0
1502548180.3679006099700927734375;37376.0
1502548180.4311187267303466796875;30976.0
1502548180.4744803905487060546875;38144.0
1502548180.4921391010284423828125;38912.0
1502548180.53463840484619140625;52992.0
1502548180.640865802764892578125;36864.0
1502548180.672177791595458984375;51712.0
1502548180.680355072021484375;53248.0
1502548180.689719676971435546875;29952.0
1502548180.728382587432861328125;29440.0
1502548181.004241466522216796875;44544.0
1502548181.00672817230224609375;36608.0
1502548181.091474056243896484375;36864.0
1502548181.1814937591552734375;22784.0
1502548181.192884922027587890625;36864.0
1502548181.2013263702392578125;23808.0
1502548181.2597649097442626953125;35840.0
1502548181.27281475067138671875;39424.0
1502548181.3067367076873779296875;35584.0
1502548181.3111512660980224609375;25088.0
1502548181.3386785984039306640625;34560.0
1502548181.3554632663726806640625;51456.0
1502548181.3736240863800048828125;52224.0
1502548181.3988611698150634765625;38912.0
1502548181.3989226818084716796875;35072.0
1502548181.464385986328125;49408.0
1502548181.465390682220458984375;20992.0
1502548181.5358278751373291015625;28928.0
1502548181.6597449779510498046875;39168.0
1502548181.7168409824371337890625;59392.0
1502548181.7238123416900634765625;28416.0
1502548181.7433130741119384765625;55040.0
1502548181.7734777927398681640625;37632.0
1502548181.827382564544677734375;76032.0
1502548181.835285663604736328125;43520.0
1502548181.85930347442626953125;45056.0
1502548181.8950703144073486328125;50176.0
1502548181.90136814117431640625;36608.0
1502548181.923458576202392578125;36608.0
1502548181.94889163970947265625;39424.0
1502548182.02390384674072265625;47872.0
1502548182.042865753173828125;32256.0
1502548182.1213090419769287109375;23808.0
1502548182.2058331966400146484375;28672.0
1502548182.3251044750213623046875;78592.0
1502548182.3251364231109619140625;66304.0
1502548182.3268611431121826171875;35584.0
1502548182.3358933925628662109375;51456.0
1502548182.54062557220458984375;42240.0
1502548182.6187286376953125;38656.0
1502548182.6207294464111328125;37376.0
1502548182.649077892303466796875;50688.0
1502548182.656615734100341796875;55296.0
1502548182.666436672210693359375;26368.0
1502548182.7150433063507080078125;37632.0
1502548182.716869831085205078125;36608.0
1502548182.723661899566650390625;29696.0
1502548182.7752158641815185546875;37632.0
1502548182.80881214141845703125;27392.0
1502548182.8802855014801025390625;36352.0
1502548182.8904764652252197265625;21248.0
1502548182.8908340930938720703125;17408.0
1502548182.9392230510711669921875;28160.0
1502548182.9593360424041748046875;36608.0
1502548182.999511241912841796875;36864.0
1502548183.0445320606231689453125;51200.0
1502548183.1913688182830810546875;37120.0
1502548183.210673809051513671875;26624.0
1502548183.2509610652923583984375;39424.0
1502548183.302182674407958984375;89600.0
1502548183.3217756748199462890625;36608.0
1502548183.322646617889404296875;23296.0
1502548183.3314158916473388671875;22784.0
1502548183.35014057159423828125;22528.0
1502548183.39756298065185546875;37120.0
1502548183.51298809051513671875;50688.0
1502548183.6005122661590576171875;207872.0
1502548183.6820652484893798828125;56320.0
1502548183.6823253631591796875;32768.0
1502548183.7768237590789794921875;50944.0
1502548183.87702655792236328125;37376.0
1502548183.8867003917694091796875;36864.0
1502548183.895395755767822265625;34560.0
1502548183.89539051055908203125;71168.0
1502548183.9581127166748046875;82688.0
1502548184.0874831676483154296875;40704.0
1502548184.120223522186279296875;51456.0
1502548184.2251846790313720703125;37376.0
1502548184.234436511993408203125;65536.0
1502548184.255014896392822265625;87040.0
1502548184.3308532238006591796875;37888.0
1502548184.3473508358001708984375;32256.0
1502548184.3833370208740234375;51200.0
1502548184.4054839611053466796875;50176.0
1502548184.5320146083831787109375;50176.0
1502548184.589838504791259765625;49152.0
1502548184.711225986480712890625;65024.0
1502548184.7588503360748291015625;26880.0
1502548184.784709453582763671875;33536.0
1502548184.799308300018310546875;51968.0
1502548184.8132274150848388671875;57088.0
1502548184.8768756389617919921875;37376.0
1502548184.92691326141357421875;36864.0
1502548185.0152795314788818359375;28928.0
1502548185.0390422344207763671875;46080.0
1502548185.1467931270599365234375;36096.0
1502548185.235215663909912109375;27904.0
1502548185.443562984466552734375;37888.0
1502548185.459415912628173828125;38912.0
1502548185.4935438632965087890625;50944.0
1502548185.4936511516571044921875;36864.0
1502548185.502003192901611328125;85504.0
1502548185.50293064117431640625;19712.0
1502548185.544857025146484375;42240.0
1502548185.552277088165283203125;27392.0
1502548185.5639774799346923828125;38656.0
1502548185.6650178432464599609375;59392.0
1502548185.6715757846832275390625;28672.0
1502548185.6950848102569580078125;50176.0
1502548185.731573581695556640625;28416.0
1502548185.7782895565032958984375;39424.0
1502548185.79196262359619140625;63232.0
1502548185.811588287353515625;37376.0
1502548185.875730991363525390625;51968.0
1502548185.88822650909423828125;53760.0
1502548185.8888113498687744140625;44288.0
1502548186.00887584686279296875;25856.0
1502548186.09155178070068359375;26624.0
1502548186.1320679187774658203125;25600.0
1502548186.15984344482421875;36352.0
1502548186.1883466243743896484375;36608.0
1502548186.29970550537109375;46080.0
1502548186.316384792327880859375;36608.0
1502548186.35615062713623046875;50944.0
1502548186.3593680858612060546875;38400.0
1502548186.4107649326324462890625;23296.0
1502548186.46454620361328125;37632.0
1502548186.4963343143463134765625;41216.0
1502548186.5618135929107666015625;38400.0
1502548186.65750789642333984375;58880.0
1502548186.66750812530517578125;33280.0
1502548186.7169344425201416015625;36352.0
1502548186.7193295955657958984375;26880.0
1502548186.787181854248046875;29952.0
1502548186.788105010986328125;25600.0
1502548186.82446575164794921875;50688.0
1502548186.8281319141387939453125;28160.0
1502548186.847281932830810546875;21760.0
1502548186.88996124267578125;104960.0
1502548186.890682697296142578125;45824.0
1502548186.92792510986328125;28160.0
1502548187.0125586986541748046875;228864.0
1502548187.0236060619354248046875;42752.0
1502548187.0517556667327880859375;31232.0
1502548187.0918848514556884765625;93440.0
1502548187.092005252838134765625;34816.0
1502548187.132367610931396484375;37376.0
1502548187.150985240936279296875;28160.0
1502548187.1997692584991455078125;37888.0
1502548187.228680133819580078125;26112.0
1502548187.335850238800048828125;68352.0
1502548187.3358833789825439453125;52480.0
1502548187.4031050205230712890625;52480.0
1502548187.5052096843719482421875;37376.0
1502548187.5683543682098388671875;51456.0
1502548187.5795078277587890625;50688.0
1502548187.6001908779144287109375;52224.0
1502548187.6167061328887939453125;27392.0
1502548187.6280810832977294921875;37632.0
1502548187.6336424350738525390625;29184.0
1502548187.639260768890380859375;25600.0
1502548187.639333248138427734375;17664.0
1502548187.695749759674072265625;35072.0
1502548187.8432509899139404296875;29696.0
1502548187.86960315704345703125;37120.0
1502548187.91100406646728515625;40192.0
1502548187.912318706512451171875;25088.0
1502548187.9814260005950927734375;79616.0
1502548187.9818375110626220703125;51968.0
1502548188.024095058441162109375;50944.0
1502548188.045607089996337890625;36608.0
1502548188.1001369953155517578125;51200.0
1502548188.164349079132080078125;32768.0
1502548188.2263195514678955078125;27392.0
1502548188.22700214385986328125;18944.0
1502548188.23222827911376953125;49408.0
1502548188.3014812469482421875;119808.0
1502548188.412625789642333984375;52992.0
1502548188.4396040439605712890625;37888.0
1502548188.4612286090850830078125;28928.0
1502548188.535397052764892578125;52480.0
1502548188.6769764423370361328125;31232.0
1502548188.6925232410430908203125;39424.0
1502548188.7463619709014892578125;51712.0
1502548188.780210971832275390625;50944.0
1502548188.8064386844635009765625;51200.0
1502548188.8477466106414794921875;34816.0
1502548188.8603031635284423828125;52224.0
1502548188.9804427623748779296875;51200.0
1502548189.0022885799407958984375;72960.0
1502548189.02947139739990234375;39424.0
1502548189.06157016754150390625;27392.0
1502548189.062227725982666015625;22528.0
1502548189.16469860076904296875;52992.0
1502548189.2325160503387451171875;34048.0
1502548189.23987579345703125;43264.0
1502548189.24122524261474609375;42752.0
1502548189.4717113971710205078125;51200.0
1502548189.4884979724884033203125;54272.0
1502548189.5083179473876953125;51200.0
1502548189.5204646587371826171875;50944.0
1502548189.5429096221923828125;32256.0
1502548189.6235601902008056640625;37376.0
1502548189.623970508575439453125;46336.0
1502548189.655677318572998046875;50944.0
1502548189.704380512237548828125;40192.0
1502548189.71542835235595703125;37632.0
1502548189.72212505340576171875;29696.0
1502548189.7920787334442138671875;34816.0
1502548189.8364064693450927734375;51712.0
1502548189.8480904102325439453125;35072.0
1502548189.8778202533721923828125;50176.0
1502548189.888583660125732421875;671744.0
1502548189.9149639606475830078125;27648.0
1502548189.939197540283203125;37120.0
1502548189.9524209499359130859375;39168.0
1502548190.0362670421600341796875;37632.0
1502548190.0579464435577392578125;33792.0
1502548190.070734500885009765625;31744.0
1502548190.132881641387939453125;59392.0
1502548190.233061313629150390625;53760.0
1502548190.23318004608154296875;37632.0
1502548190.416748046875;51456.0
1502548190.42378330230712890625;38656.0
1502548190.46008205413818359375;52224.0
1502548190.4996850490570068359375;51200.0
1502548190.646433353424072265625;52224.0
1502548190.679886341094970703125;51200.0
1502548190.6994292736053466796875;43008.0
1502548190.6997787952423095703125;23808.0
1502548190.714210987091064453125;43520.0
1502548190.7219984531402587890625;83968.0
1502548190.7983529567718505859375;47616.0
1502548190.8121395111083984375;37376.0
1502548190.89471340179443359375;38144.0
1502548190.9975855350494384765625;54528.0
1502548191.0416259765625;34048.0
1502548191.08267116546630859375;37888.0
1502548191.0946586132049560546875;37120.0
1502548191.140584468841552734375;151808.0
1502548191.1592857837677001953125;37632.0
1502548191.159991741180419921875;24320.0
1502548191.160858631134033203125;21760.0
1502548191.1931183338165283203125;252160.0
1502548191.2026159763336181640625;21504.0
1502548191.2306044101715087890625;145920.0
1502548191.2954156398773193359375;121344.0
1502548191.3541824817657470703125;22016.0
1502548191.41080951690673828125;51712.0
1502548191.4680080413818359375;52224.0
1502548191.56830596923828125;51712.0
1502548191.6146175861358642578125;28672.0
1502548191.6167509555816650390625;34048.0
1502548191.705051422119140625;38912.0
1502548191.724865436553955078125;37632.0
1502548191.74721813201904296875;104192.0
1502548192.051971912384033203125;42496.0
1502548192.1046187877655029296875;91648.0
1502548192.2043850421905517578125;50432.0
1502548192.2069756984710693359375;49920.0
1502548192.21553325653076171875;26880.0
1502548192.2179203033447265625;22784.0
1502548192.2722835540771484375;58112.0
1502548192.291366100311279296875;39680.0
1502548192.306577205657958984375;38400.0
1502548192.33650302886962890625;32000.0
1502548192.3368408679962158203125;21760.0
1502548192.428616046905517578125;37632.0
1502548192.5239293575286865234375;51712.0
1502548192.5915374755859375;37120.0
1502548192.60435199737548828125;27136.0
1502548192.618684291839599609375;29184.0
1502548192.708123683929443359375;38400.0
1502548192.7229340076446533203125;28160.0
1502548192.72410297393798828125;34560.0
1502548192.7401921749114990234375;29440.0
1502548192.8025071620941162109375;25344.0
1502548192.8490936756134033203125;28672.0
1502548192.8643653392791748046875;34304.0
1502548193.03543758392333984375;35840.0
1502548193.0433914661407470703125;45824.0
1502548193.0690453052520751953125;39424.0
1502548193.0703284740447998046875;88064.0
1502548193.070864200592041015625;17920.0
1502548193.107593059539794921875;36864.0
1502548193.2299773693084716796875;104448.0
1502548193.3653500080108642578125;50432.0
1502548193.461356639862060546875;54784.0
1502548193.515140533447265625;38656.0
1502548193.5161950588226318359375;155392.0
1502548193.5172660350799560546875;34304.0
1502548193.520610332489013671875;91136.0
1502548193.554871082305908203125;51456.0
1502548193.605945110321044921875;23040.0
1502548193.628673076629638671875;29184.0
1502548193.7315824031829833984375;51456.0
1502548193.7477104663848876953125;28160.0
1502548193.8075008392333984375;28928.0
1502548193.8138828277587890625;39424.0
1502548193.8141720294952392578125;23040.0
1502548193.8281247615814208984375;52224.0
1502548193.9278004169464111328125;51968.0
1502548193.9512584209442138671875;37888.0
1502548193.9763600826263427734375;50688.0
1502548194.014061450958251953125;45568.0
1502548194.0231120586395263671875;23808.0
1502548194.091083526611328125;49152.0
1502548194.188246250152587890625;70912.0
1502548194.25831508636474609375;26880.0
1502548194.30364704132080078125;49664.0
1502548194.30492877960205078125;35072.0
1502548194.353982448577880859375;92160.0
1502548194.36134433746337890625;36864.0
1502548194.3908689022064208984375;50944.0
1502548194.3962447643280029296875;51712.0
1502548194.4252884387969970703125;51712.0
1502548194.4562282562255859375;51968.0
1502548194.45955371856689453125;29696.0
1502548194.6123523712158203125;51200.0
1502548194.6235027313232421875;30976.0
1502548194.635628223419189453125;36608.0
1502548194.6356830596923828125;33792.0
1502548194.643489837646484375;29696.0
1502548194.6533343791961669921875;28928.0
1502548194.7533743381500244140625;37120.0
1502548194.7711803913116455078125;32000.0
1502548194.7959382534027099609375;51968.0
1502548194.8017947673797607421875;72192.0
1502548194.8825361728668212890625;37632.0
1502548194.9185161590576171875;37888.0
1502548194.9716701507568359375;37120.0
1502548194.9956285953521728515625;31232.0
1502548195.019344806671142578125;46848.0
1502548195.0730721950531005859375;37120.0
1502548195.1034829616546630859375;33536.0
1502548195.1103332042694091796875;58112.0
1502548195.153359889984130859375;37376.0
1502548195.198795795440673828125;36096.0
1502548195.2294251918792724609375;41728.0
1502548195.28102779388427734375;44032.0
1502548195.339157581329345703125;35328.0
1502548195.3792438507080078125;36352.0
1502548195.4960677623748779296875;52736.0
1502548195.6086986064910888671875;26624.0
1502548195.6561319828033447265625;51456.0
1502548195.7192065715789794921875;27392.0
1502548195.7342560291290283203125;37632.0
1502548195.8411462306976318359375;37888.0
1502548195.988785266876220703125;36352.0
1502548195.9905283451080322265625;25600.0
1502548196.0396125316619873046875;28928.0
1502548196.0440285205841064453125;33536.0
1502548196.085298061370849609375;56832.0
1502548196.0908043384552001953125;25600.0
1502548196.167285442352294921875;53760.0
1502548196.17234039306640625;39424.0
1502548196.1802234649658203125;50176.0
1502548196.19481754302978515625;46848.0
1502548196.221960544586181640625;36352.0
1502548196.235498905181884765625;48896.0
1502548196.2634079456329345703125;40192.0
1502548196.2998111248016357421875;37120.0
1502548196.31972789764404296875;26112.0
1502548196.3271386623382568359375;35072.0
1502548196.331132411956787109375;35072.0
1502548196.3353383541107177734375;28160.0
1502548196.3409078121185302734375;66048.0
1502548196.3519980907440185546875;28928.0
1502548196.3692533969879150390625;37632.0
1502548196.379642009735107421875;28160.0
1502548196.4378702640533447265625;54784.0
1502548196.452594757080078125;58880.0
1502548196.51273822784423828125;50944.0
1502548196.5196983814239501953125;37888.0
1502548196.5361940860748291015625;53248.0
1502548196.5525376796722412109375;50432.0
1502548196.7017314434051513671875;50944.0
1502548196.748935699462890625;37376.0
1502548196.9669628143310546875;40960.0
1502548196.9918625354766845703125;38144.0
1502548197.0203297138214111328125;37632.0
1502548197.0598304271697998046875;52736.0
1502548197.0930130481719970703125;52224.0
1502548197.1165111064910888671875;51712.0
1502548197.2202513217926025390625;51456.0
1502548197.2608320713043212890625;27648.0
1502548197.2784183025360107421875;53248.0
1502548197.391611576080322265625;27904.0
1502548197.4283885955810546875;46592.0
1502548197.4515132904052734375;37376.0
1502548197.4847342967987060546875;39936.0
1502548197.4883668422698974609375;43008.0
1502548197.495767116546630859375;35584.0
1502548197.5444476604461669921875;78080.0
1502548197.5502452850341796875;50688.0
1502548197.556479930877685546875;37632.0
1502548197.563266754150390625;38400.0
1502548197.579448699951171875;36864.0
1502548197.68225765228271484375;120832.0
1502548197.7041761875152587890625;36608.0
1502548197.782618999481201171875;27648.0
1502548197.8192055225372314453125;36352.0
1502548197.8481769561767578125;104960.0
1502548197.892314910888671875;119296.0
1502548197.904120922088623046875;51712.0
1502548197.98948574066162109375;51200.0
1502548197.9931557178497314453125;36352.0
1502548198.01166534423828125;28928.0
1502548198.0353939533233642578125;29184.0
1502548198.0575978755950927734375;33280.0
1502548198.0672538280487060546875;22016.0
1502548198.0981614589691162109375;29184.0
1502548198.103072643280029296875;46080.0
1502548198.15004825592041015625;56832.0
1502548198.1878330707550048828125;28672.0
1502548198.192490100860595703125;37376.0
1502548198.2361099720001220703125;26880.0
1502548198.2557432651519775390625;36864.0
1502548198.2884614467620849609375;33536.0
1502548198.2949597835540771484375;28928.0
1502548198.3950626850128173828125;31232.0
1502548198.45173358917236328125;30720.0
1502548198.486178874969482421875;47360.0
1502548198.5029957294464111328125;36352.0
1502548198.521160602569580078125;24576.0
1502548198.5312907695770263671875;36608.0
1502548198.574520587921142578125;28672.0
1502548198.593391895294189453125;26112.0
1502548198.6082096099853515625;51456.0
1502548198.6618306636810302734375;26880.0
1502548198.7168674468994140625;37376.0
1502548198.7683713436126708984375;28416.0
1502548198.8403475284576416015625;54272.0
1502548198.84778308868408203125;44544.0
1502548198.853514194488525390625;25856.0
1502548198.892973423004150390625;51712.0
1502548198.9134447574615478515625;119296.0
1502548198.9360339641571044921875;36608.0
1502548198.9524862766265869140625;38400.0
1502548199.007656097412109375;50944.0
1502548199.0331995487213134765625;38144.0
1502548199.0478496551513671875;51456.0
1502548199.127764225006103515625;51712.0
1502548199.12781429290771484375;35584.0
1502548199.1484515666961669921875;50944.0
1502548199.163582324981689453125;50176.0
1502548199.188098430633544921875;40960.0
1502548199.2037413120269775390625;50688.0
1502548199.218721866607666015625;50688.0
1502548199.281827449798583984375;38912.0
1502548199.315483570098876953125;28416.0
1502548199.3335616588592529296875;36864.0
1502548199.44440746307373046875;39936.0
1502548199.4649982452392578125;61184.0
1502548199.477374553680419921875;73728.0
1502548199.5234000682830810546875;35072.0
1502548199.6060922145843505859375;49920.0
1502548199.64510822296142578125;110848.0
1502548199.645142078399658203125;90624.0
1502548199.6675803661346435546875;51712.0
1502548199.680299282073974609375;38400.0
1502548199.7101905345916748046875;28160.0
1502548199.7366526126861572265625;52736.0
1502548199.743233203887939453125;37120.0
1502548199.7555682659149169921875;37120.0
1502548199.87332248687744140625;50944.0
1502548199.876093387603759765625;59136.0
1502548199.8761045932769775390625;93696.0
1502548199.888274669647216796875;37376.0
1502548199.9001524448394775390625;51456.0
1502548199.9541060924530029296875;57600.0
1502548199.979361057281494140625;51968.0
1502548200.0240952968597412109375;52480.0
1502548200.0636692047119140625;28672.0
1502548200.0922329425811767578125;56320.0
1502548200.1279389858245849609375;31232.0
1502548200.18445301055908203125;60416.0
1502548200.2900588512420654296875;54528.0
1502548200.2919466495513916015625;52992.0
1502548200.314794063568115234375;38144.0
1502548200.3253116607666015625;29952.0
1502548200.3259027004241943359375;23808.0
1502548200.3584721088409423828125;36864.0
1502548200.3665468692779541015625;39168.0
1502548200.4802434444427490234375;38656.0
1502548200.4927198886871337890625;38656.0
1502548200.4927737712860107421875;53504.0
1502548200.503084659576416015625;28416.0
1502548200.5340945720672607421875;45312.0
1502548200.5648958683013916015625;35584.0
1502548200.566214084625244140625;100864.0
1502548200.6242015361785888671875;38912.0
1502548200.6565248966217041015625;38400.0
1502548200.7684323787689208984375;77056.0
1502548200.76965236663818359375;49408.0
1502548200.787437915802001953125;27136.0
1502548200.8251094818115234375;40704.0
1502548200.8515570163726806640625;37376.0
1502548200.862379550933837890625;31744.0
1502548200.9092667102813720703125;30208.0
1502548200.96352386474609375;27392.0
1502548201.032325267791748046875;38144.0
1502548201.114200115203857421875;41984.0
1502548201.12647533416748046875;79872.0
1502548201.168164730072021484375;51968.0
1502548201.3036477565765380859375;43520.0
1502548201.3619740009307861328125;142080.0
1502548201.4057114124298095703125;37632.0
1502548201.4346144199371337890625;51968.0
1502548201.4568026065826416015625;119296.0
1502548201.5612242221832275390625;28160.0
1502548201.6436469554901123046875;37376.0
1502548201.65248870849609375;51712.0
1502548201.6611175537109375;29952.0
1502548201.7479188442230224609375;37632.0
1502548201.763148784637451171875;50176.0
1502548201.8112471103668212890625;25088.0
1502548201.8303229808807373046875;28928.0
1502548201.881580829620361328125;27392.0
1502548201.899678707122802734375;37632.0
1502548201.916353702545166015625;50432.0
1502548201.9267408847808837890625;37376.0
1502548201.966670513153076171875;36096.0
1502548202.065419673919677734375;38912.0
1502548202.083499431610107421875;45312.0
1502548202.1645247936248779296875;40192.0
1502548202.1748125553131103515625;35328.0
1502548202.1930866241455078125;26624.0
1502548202.219579219818115234375;37376.0
1502548202.2242162227630615234375;36608.0
1502548202.329113483428955078125;32768.0
1502548202.3471834659576416015625;25856.0
1502548202.4758434295654296875;53760.0
1502548202.573602199554443359375;51712.0
1502548202.58322429656982421875;29184.0
1502548202.6001207828521728515625;36608.0
1502548202.6095035076141357421875;96768.0
1502548202.6343495845794677734375;39936.0
1502548202.6572895050048828125;58112.0
1502548202.6585905551910400390625;24320.0
1502548202.6964435577392578125;38144.0
1502548202.7211067676544189453125;52224.0
1502548202.72753238677978515625;36608.0
1502548202.754407405853271484375;51200.0
1502548202.755617618560791015625;33792.0
1502548202.8111622333526611328125;45312.0
1502548202.8388516902923583984375;39936.0
1502548202.8694999217987060546875;52480.0
1502548202.9855175018310546875;22272.0
1502548203.091042041778564453125;24576.0
1502548203.106807231903076171875;28928.0
1502548203.1245810985565185546875;30208.0
1502548203.185934543609619140625;52224.0
1502548203.2550404071807861328125;35328.0
1502548203.262863636016845703125;36096.0
1502548203.3076012134552001953125;38144.0
1502548203.328357696533203125;34560.0
1502548203.34772014617919921875;39680.0
1502548203.356197357177734375;36864.0
1502548203.357303142547607421875;32000.0
1502548203.3878173828125;28672.0
1502548203.4116084575653076171875;51200.0
1502548203.4353024959564208984375;51200.0
1502548203.4862492084503173828125;38656.0
1502548203.535765171051025390625;52992.0
1502548203.5369918346405029296875;32768.0
1502548203.5485861301422119140625;36096.0
1502548203.632222652435302734375;51456.0
1502548203.651793003082275390625;50176.0
1502548203.684800624847412109375;50688.0
1502548203.7395942211151123046875;56320.0
1502548203.7409846782684326171875;48896.0
1502548203.8075993061065673828125;26624.0
1502548203.822929859161376953125;32768.0
1502548203.8567650318145751953125;71936.0
1502548203.95573139190673828125;51200.0
1502548203.9644649028778076171875;38144.0
1502548203.966242313385009765625;74240.0
1502548203.9929897785186767578125;39680.0
1502548203.999758243560791015625;37120.0
1502548204.0366191864013671875;28416.0
1502548204.084308147430419921875;57856.0
1502548204.1310923099517822265625;51200.0
1502548204.1540439128875732421875;43264.0
1502548204.1914157867431640625;25856.0
1502548204.2135908603668212890625;28928.0
1502548204.25016498565673828125;36352.0
1502548204.4603807926177978515625;37376.0
1502548204.4609258174896240234375;55296.0
1502548204.4698002338409423828125;38144.0
1502548204.4700019359588623046875;87552.0
1502548204.5443675518035888671875;40448.0
1502548204.5627548694610595703125;50688.0
1502548204.588915348052978515625;50432.0
1502548204.655979156494140625;38400.0
1502548204.7000911235809326171875;38656.0
1502548204.7083070278167724609375;62464.0
1502548204.792118072509765625;52992.0
1502548204.808369159698486328125;54016.0
1502548204.9558403491973876953125;37632.0
1502548204.96444034576416015625;50944.0
1502548204.9762947559356689453125;28416.0
1502548204.9763271808624267578125;20992.0
1502548205.0427362918853759765625;49920.0
1502548205.0643751621246337890625;59136.0
1502548205.0871918201446533203125;36864.0
1502548205.1151714324951171875;23552.0
1502548205.136335849761962890625;52992.0
1502548205.1796996593475341796875;28928.0
1502548205.1929275989532470703125;27392.0
1502548205.26518917083740234375;53248.0
1502548205.27614593505859375;48128.0
1502548205.2922666072845458984375;25088.0
1502548205.3796780109405517578125;37120.0
1502548205.38094615936279296875;25856.0
1502548205.45849895477294921875;51200.0
1502548205.4641878604888916015625;38400.0
1502548205.473271846771240234375;41984.0
1502548205.5257389545440673828125;33792.0
1502548205.52679157257080078125;28416.0
1502548205.583890438079833984375;37120.0
1502548205.77477169036865234375;46336.0
1502548205.7903621196746826171875;29696.0
1502548205.9119446277618408203125;38400.0
1502548205.922138214111328125;40192.0
1502548206.036540508270263671875;74240.0
1502548206.0831682682037353515625;38912.0
1502548206.0868785381317138671875;86272.0
1502548206.1181392669677734375;58368.0
1502548206.179447174072265625;50944.0
1502548206.2527778148651123046875;24576.0
1502548206.3168251514434814453125;68608.0
1502548206.3444674015045166015625;37632.0
1502548206.360923290252685546875;36096.0
1502548206.3671591281890869140625;31744.0
1502548206.3911383152008056640625;36608.0
1502548206.408329010009765625;42752.0
1502548206.420058727264404296875;37120.0
1502548206.560822963714599609375;33536.0
1502548206.6101214885711669921875;79360.0
1502548206.620967864990234375;51712.0
1502548206.6498620510101318359375;50176.0
1502548206.6676731109619140625;53504.0
1502548206.6692669391632080078125;40448.0
1502548206.8888008594512939453125;32256.0
1502548207.0814979076385498046875;50944.0
1502548207.114334583282470703125;35840.0
1502548207.1347491741180419921875;28160.0
1502548207.1357443332672119140625;35840.0
1502548207.30542850494384765625;27904.0
1502548207.32780170440673828125;37376.0
1502548207.3488330841064453125;36608.0
1502548207.3605327606201171875;51456.0
1502548207.3686845302581787109375;34816.0
1502548207.4506413936614990234375;51968.0
1502548207.4634640216827392578125;43264.0
1502548207.477327823638916015625;37120.0
1502548207.4996020793914794921875;25856.0
1502548207.5118916034698486328125;71680.0
1502548207.624412059783935546875;37120.0
1502548207.624460697174072265625;31232.0
1502548207.6476199626922607421875;39168.0
1502548207.6591548919677734375;36352.0
1502548207.6617257595062255859375;34816.0
1502548207.7119510173797607421875;89344.0
1502548207.71267032623291015625;33792.0
1502548207.756957530975341796875;39680.0
1502548207.8261959552764892578125;43008.0
1502548207.84805202484130859375;36608.0
1502548207.87944889068603515625;52736.0
1502548207.8868548870086669921875;50432.0
1502548207.9111440181732177734375;37376.0
1502548207.96124744415283203125;50944.0
1502548207.9626891613006591796875;121600.0
1502548207.977971553802490234375;26880.0
1502548208.0004425048828125;52480.0
1502548208.01553249359130859375;95232.0
1502548208.0577371120452880859375;28672.0
1502548208.1113283634185791015625;51200.0
1502548208.1269099712371826171875;37632.0
1502548208.27529621124267578125;28928.0
1502548208.276119709014892578125;178944.0
1502548208.3087809085845947265625;34560.0
1502548208.3894889354705810546875;36352.0
1502548208.4243967533111572265625;43008.0
1502548208.471893310546875;51712.0
1502548208.47593784332275390625;36352.0
1502548208.48770809173583984375;51456.0
1502548208.512016773223876953125;38656.0
1502548208.62882328033447265625;35584.0
1502548208.635138034820556640625;33536.0
1502548208.70461559295654296875;37376.0
1502548208.753472805023193359375;51200.0
1502548208.760572910308837890625;51456.0
1502548208.7757894992828369140625;49920.0
1502548208.8048975467681884765625;69888.0
1502548208.8049542903900146484375;51200.0
1502548208.8359234333038330078125;49152.0
1502548208.9316685199737548828125;56320.0
1502548208.9318561553955078125;22528.0
1502548208.95179271697998046875;60160.0
1502548208.9521768093109130859375;34560.0
1502548209.0834758281707763671875;26624.0
1502548209.1113011837005615234375;42496.0
1502548209.13478946685791015625;54272.0
1502548209.1349163055419921875;31232.0
1502548209.1840398311614990234375;50432.0
1502548209.2804815769195556640625;51456.0
1502548209.2986705303192138671875;44544.0
1502548209.320033550262451171875;25088.0
1502548209.3483846187591552734375;53760.0
1502548209.38667964935302734375;36864.0
1502548209.4879763126373291015625;35840.0
1502548209.515390872955322265625;28160.0
1502548209.527614593505859375;63744.0
1502548209.52898406982421875;41216.0
1502548209.5290763378143310546875;36096.0
1502548209.5565688610076904296875;37632.0
1502548209.5720913410186767578125;85504.0
1502548209.5732696056365966796875;33024.0
1502548209.5938193798065185546875;41984.0
1502548209.6515057086944580078125;37120.0
1502548209.70830631256103515625;45312.0
1502548209.8416645526885986328125;36608.0
1502548209.8640449047088623046875;53760.0
1502548209.8680913448333740234375;100352.0
1502548209.9093053340911865234375;50688.0
1502548209.9805014133453369140625;36608.0
1502548209.9911670684814453125;24832.0
1502548210.128329753875732421875;34816.0
1502548210.167662143707275390625;51712.0
1502548210.1696517467498779296875;25600.0
1502548210.1894595623016357421875;51200.0
1502548210.2010986804962158203125;38656.0
1502548210.21827411651611328125;143616.0
1502548210.2436969280242919921875;37120.0
1502548210.2519981861114501953125;39680.0
1502548210.4689457416534423828125;51456.0
1502548210.4961452484130859375;36096.0
1502548210.5174105167388916015625;41216.0
1502548210.5175449848175048828125;35584.0
1502548210.5576038360595703125;37120.0
1502548210.5764000415802001953125;67072.0
1502548210.5869388580322265625;40960.0
1502548210.59407711029052734375;53248.0
1502548210.682405948638916015625;42496.0
1502548210.7119181156158447265625;37888.0
1502548210.77706813812255859375;27136.0
1502548210.81623554229736328125;71680.0
1502548210.87999057769775390625;36608.0
1502548210.9110863208770751953125;88832.0
1502548210.94572925567626953125;73216.0
1502548210.9848420619964599609375;33280.0
1502548210.9955456256866455078125;35840.0
1502548210.99768733978271484375;24832.0
1502548211.0321481227874755859375;36096.0
1502548211.049403667449951171875;32768.0
1502548211.0733559131622314453125;70144.0
1502548211.12941837310791015625;39168.0
1502548211.21152210235595703125;29440.0
1502548211.2633502483367919921875;39168.0
1502548211.2781276702880859375;108800.0
1502548211.3197052478790283203125;51712.0
1502548211.3237507343292236328125;37632.0
1502548211.4522397518157958984375;61952.0
1502548211.4855768680572509765625;37376.0
1502548211.5578582286834716796875;38912.0
1502548211.63435077667236328125;40448.0
1502548211.6355011463165283203125;50944.0
1502548211.654700756072998046875;78592.0
1502548211.665760040283203125;37376.0
1502548211.7566902637481689453125;51456.0
1502548211.79382801055908203125;40960.0
1502548211.9362566471099853515625;51968.0
1502548211.9398338794708251953125;51200.0
1502548211.9611704349517822265625;78848.0
1502548212.0902235507965087890625;52224.0
1502548212.1433012485504150390625;28928.0
1502548212.2044112682342529296875;36608.0
1502548212.206554889678955078125;25856.0
1502548212.2753851413726806640625;34560.0
1502548212.2817728519439697265625;36864.0
1502548212.5157964229583740234375;28416.0
1502548212.5440919399261474609375;51968.0
1502548212.5600738525390625;37888.0
1502548212.561955928802490234375;50688.0
1502548212.57957553863525390625;38144.0
1502548212.60790538787841796875;37376.0
1502548212.6207587718963623046875;27136.0
1502548212.62470722198486328125;37888.0
1502548212.6579239368438720703125;29440.0
1502548212.6893570423126220703125;29440.0
1502548212.7039825916290283203125;37376.0
1502548212.7418048381805419921875;51456.0
1502548212.751442432403564453125;27904.0
1502548212.8058507442474365234375;52992.0
1502548212.82628726959228515625;38400.0
1502548212.8484928607940673828125;30464.0
1502548212.8894989490509033203125;52224.0
1502548212.917598724365234375;37376.0
1502548213.0304431915283203125;49664.0
1502548213.0437290668487548828125;36608.0
1502548213.0774066448211669921875;45824.0
1502548213.081780910491943359375;18432.0
1502548213.095074176788330078125;53248.0
1502548213.188666820526123046875;29440.0
1502548213.2296330928802490234375;44288.0
1502548213.2519114017486572265625;114688.0
1502548213.2634031772613525390625;48384.0
1502548213.2838423252105712890625;37632.0
1502548213.2854831218719482421875;22272.0
1502548213.2856967449188232421875;17920.0
1502548213.3320453166961669921875;51456.0
1502548213.3395364284515380859375;38912.0
1502548213.4350941181182861328125;28672.0
1502548213.5326607227325439453125;48384.0
1502548213.5803596973419189453125;100608.0
1502548213.6155636310577392578125;40448.0
1502548213.69958400726318359375;28928.0
1502548213.7318384647369384765625;28160.0
1502548213.875033855438232421875;66048.0
1502548213.933619022369384765625;35328.0
1502548213.9538533687591552734375;29440.0
1502548214.0196187496185302734375;29696.0
1502548214.0378530025482177734375;45824.0
1502548214.0919439792633056640625;59904.0
1502548214.0995514392852783203125;34304.0
1502548214.1640927791595458984375;37888.0
1502548214.1641490459442138671875;32256.0
1502548214.2133047580718994140625;26880.0
1502548214.2240874767303466796875;56064.0
1502548214.224387645721435546875;30976.0
1502548214.2986204624176025390625;37376.0
1502548214.3081324100494384765625;38400.0
1502548214.310471057891845703125;35584.0
1502548214.3161966800689697265625;51712.0
1502548214.367008209228515625;108288.0
1502548214.3876440525054931640625;36608.0
1502548214.426601409912109375;37632.0
1502548214.4699509143829345703125;37376.0
1502548214.5178070068359375;48896.0
1502548214.5552155971527099609375;36608.0
1502548214.606336116790771484375;53248.0
1502548214.6336901187896728515625;29440.0
1502548214.7196266651153564453125;530688.0
1502548214.7449061870574951171875;28416.0
1502548214.7786471843719482421875;37632.0
1502548214.8725078105926513671875;33536.0
1502548214.939546108245849609375;38400.0
1502548214.969589710235595703125;37120.0
1502548215.0751802921295166015625;34816.0
1502548215.1598274707794189453125;38144.0
1502548215.2152993679046630859375;28672.0
1502548215.3258759975433349609375;28416.0
1502548215.4152681827545166015625;38144.0
1502548215.419570446014404296875;37888.0
1502548215.4517018795013427734375;62976.0
1502548215.5186040401458740234375;37120.0
1502548215.5896375179290771484375;49664.0
1502548215.6332023143768310546875;37376.0
1502548215.766490936279296875;203264.0
1502548215.8082354068756103515625;38400.0
1502548215.8595449924468994140625;37632.0
1502548215.8842189311981201171875;38400.0
1502548215.944569110870361328125;37888.0
1502548216.092761993408203125;38912.0
1502548216.14301395416259765625;50944.0
1502548216.1598589420318603515625;50688.0
1502548216.2195727825164794921875;37120.0
1502548216.2315475940704345703125;139776.0
1502548216.23638820648193359375;30208.0
1502548216.25582122802734375;40960.0
1502548216.2566773891448974609375;29440.0
1502548216.2602417469024658203125;27136.0
1502548216.272323131561279296875;35840.0
1502548216.37299442291259765625;34816.0
1502548216.42442607879638671875;47360.0
1502548216.4287283420562744140625;56320.0
1502548216.452068805694580078125;37632.0
1502548216.5132110118865966796875;51968.0
1502548216.5132563114166259765625;35072.0
1502548216.5505936145782470703125;38144.0
1502548216.5798265933990478515625;32000.0
1502548216.6523315906524658203125;52736.0
1502548216.71223163604736328125;38912.0
1502548216.7794106006622314453125;37376.0
1502548216.78822231292724609375;51456.0
1502548216.8234589099884033203125;62976.0
1502548216.851438999176025390625;23040.0
1502548216.945046901702880859375;49408.0
1502548216.999553203582763671875;494336.0
1502548217.04034900665283203125;25600.0
1502548217.0763666629791259765625;33536.0
1502548217.1676089763641357421875;40704.0
1502548217.16928863525390625;22784.0
1502548217.169745922088623046875;29696.0
1502548217.21189594268798828125;37632.0
1502548217.244881153106689453125;40192.0
1502548217.2539837360382080078125;67328.0
1502548217.363734722137451171875;25088.0
1502548217.3791043758392333984375;28416.0
1502548217.4008429050445556640625;37120.0
1502548217.495556354522705078125;49408.0
1502548217.5043570995330810546875;18176.0
1502548217.5660645961761474609375;64000.0
1502548217.5685269832611083984375;26880.0
1502548217.5753371715545654296875;27648.0
1502548217.6294758319854736328125;40448.0
1502548217.6644594669342041015625;38912.0
1502548217.68471050262451171875;37120.0
1502548217.686827182769775390625;25600.0
1502548217.7037675380706787109375;38400.0
1502548217.7177736759185791015625;37120.0
1502548217.723957061767578125;28928.0
1502548217.7924072742462158203125;27904.0
1502548217.814512729644775390625;36096.0
1502548217.8364136219024658203125;47872.0
1502548217.8602344989776611328125;27904.0
1502548217.877630710601806640625;1672448.0
1502548217.8803222179412841796875;26880.0
1502548217.8831160068511962890625;25600.0
1502548217.9614017009735107421875;35328.0
1502548217.9841763973236083984375;51968.0
1502548217.9855263233184814453125;34560.0
1502548218.0130045413970947265625;37632.0
1502548218.0143420696258544921875;34048.0
1502548218.019005298614501953125;38400.0
1502548218.1280791759490966796875;38656.0
1502548218.1759202480316162109375;51456.0
1502548218.2007935047149658203125;54272.0
1502548218.2948372364044189453125;51712.0
1502548218.334293842315673828125;51712.0
1502548218.3404095172882080078125;50688.0
1502548218.4442074298858642578125;50944.0
1502548218.4498312473297119140625;101888.0
1502548218.4675166606903076171875;36864.0
1502548218.5039784908294677734375;50432.0
1502548218.512396335601806640625;56320.0
1502548218.5487878322601318359375;49920.0
1502548218.5773456096649169921875;36864.0
1502548218.5963923931121826171875;37120.0
1502548218.688549518585205078125;52224.0
1502548218.758911609649658203125;136704.0
1502548218.8990547657012939453125;24832.0
1502548218.89910030364990234375;19968.0
1502548218.9956700801849365234375;28416.0
1502548219.035182952880859375;23808.0
1502548219.2122075557708740234375;49920.0
1502548219.26942729949951171875;38400.0
1502548219.3655664920806884765625;64256.0
1502548219.3970477581024169921875;26624.0
1502548219.408403873443603515625;49664.0
1502548219.4471008777618408203125;30976.0
1502548219.5110714435577392578125;41984.0
1502548219.5435574054718017578125;52224.0
1502548219.7899410724639892578125;48896.0
1502548219.827472209930419921875;28928.0
1502548219.8315441608428955078125;35072.0
1502548219.929449558258056640625;60928.0
1502548219.985507488250732421875;50688.0
1502548220.0357377529144287109375;76288.0
1502548220.0451214313507080078125;32256.0
1502548220.1458737850189208984375;1780736.0
1502548220.179469585418701171875;51200.0
1502548220.1805553436279296875;33792.0
1502548220.233105182647705078125;38144.0
1502548220.239123821258544921875;28672.0
1502548220.2397167682647705078125;38400.0
1502548220.2477314472198486328125;37120.0
1502548220.2554986476898193359375;37376.0
1502548220.2829425334930419921875;25600.0
1502548220.28746318817138671875;31488.0
1502548220.4435482025146484375;54272.0
1502548220.47513294219970703125;29184.0
1502548220.51190853118896484375;37632.0
1502548220.6547706127166748046875;27904.0
1502548220.6764981746673583984375;37120.0
1502548220.6843435764312744140625;30976.0
1502548220.79906463623046875;32768.0
1502548220.80291461944580078125;28672.0
1502548220.804845333099365234375;29952.0
1502548220.81103515625;28672.0
1502548220.8253395557403564453125;37376.0
1502548220.8783800601959228515625;29440.0
1502548220.891238689422607421875;33024.0
1502548221.0592038631439208984375;56064.0
1502548221.0669596195220947265625;31488.0
1502548221.076282978057861328125;38144.0
1502548221.082902431488037109375;26624.0
1502548221.1881635189056396484375;54528.0
1502548221.1903669834136962890625;87296.0
1502548221.248587131500244140625;34816.0
1502548221.26760578155517578125;29184.0
1502548221.392488002777099609375;50944.0
1502548221.426313877105712890625;43520.0
1502548221.4935333728790283203125;82944.0
1502548221.5717794895172119140625;99840.0
1502548221.626766681671142578125;29952.0
1502548221.6716022491455078125;36608.0
1502548221.7086238861083984375;140288.0
1502548221.7189056873321533203125;35072.0
1502548221.7704794406890869140625;190464.0
1502548221.780444622039794921875;53504.0
1502548221.8207600116729736328125;76032.0
1502548221.8400714397430419921875;20992.0
1502548221.8419067859649658203125;18176.0
1502548221.92768573760986328125;51456.0
1502548221.9605543613433837890625;25856.0
1502548221.9646205902099609375;28928.0
1502548221.9816210269927978515625;27904.0
1502548222.032381534576416015625;50688.0
1502548222.08410549163818359375;29952.0
1502548222.1221864223480224609375;27648.0
1502548222.2334516048431396484375;52480.0
1502548222.2674500942230224609375;142336.0
1502548222.2730503082275390625;37888.0
1502548222.295694828033447265625;43008.0
1502548222.3455524444580078125;35072.0
1502548222.347721099853515625;22784.0
1502548222.4495360851287841796875;118528.0
1502548222.451883792877197265625;51712.0
1502548222.5408494472503662109375;36352.0
1502548222.558704376220703125;31744.0
1502548222.591638088226318359375;27904.0
1502548222.692512035369873046875;27648.0
1502548222.7236921787261962890625;37888.0
1502548222.73650836944580078125;24064.0
1502548222.7593638896942138671875;28160.0
1502548222.8522679805755615234375;37888.0
1502548222.963409900665283203125;38144.0
1502548222.99535846710205078125;50688.0
1502548223.1463444232940673828125;81152.0
1502548223.2447655200958251953125;29696.0
1502548223.3257758617401123046875;37888.0
1502548223.3439159393310546875;37888.0
1502548223.3610727787017822265625;51968.0
1502548223.3674449920654296875;56064.0
1502548223.4115750789642333984375;33280.0
1502548223.5116317272186279296875;39680.0
1502548223.5186111927032470703125;54016.0
1502548223.55073451995849609375;38912.0
1502548223.567413806915283203125;38400.0
1502548223.5734794139862060546875;36608.0
1502548223.58432865142822265625;53248.0
1502548223.5918047428131103515625;35840.0
1502548223.716504573822021484375;36608.0
1502548223.7166035175323486328125;25344.0
1502548223.743043422698974609375;27904.0
1502548223.7591683864593505859375;37888.0
1502548223.927280426025390625;51712.0
1502548223.9315187931060791015625;50688.0
1502548223.946379184722900390625;55552.0
1502548224.011525630950927734375;53504.0
1502548224.0154626369476318359375;35072.0
1502548224.1509151458740234375;50176.0
1502548224.2125720977783203125;52224.0
1502548224.272168636322021484375;31744.0
1502548224.30397319793701171875;26624.0
1502548224.388649463653564453125;50176.0
1502548224.41846942901611328125;87040.0
1502548224.4280827045440673828125;33536.0
1502548224.560165882110595703125;51712.0
1502548224.571697235107421875;36352.0
1502548224.6355457305908203125;36352.0
1502548224.6458451747894287109375;36608.0
1502548224.6554601192474365234375;28160.0
1502548224.7281806468963623046875;51200.0
1502548224.736752033233642578125;51712.0
1502548224.737182140350341796875;50688.0
1502548224.7483122348785400390625;52224.0
1502548224.7814123630523681640625;182272.0
1502548224.84599208831787109375;87808.0
1502548224.87561798095703125;33792.0
1502548224.888665676116943359375;40704.0
1502548224.9258639812469482421875;41216.0
1502548224.9383754730224609375;41216.0
1502548224.9796931743621826171875;31488.0
1502548224.9944441318511962890625;38144.0
1502548225.0005228519439697265625;29696.0
1502548225.131412506103515625;36864.0
1502548225.18791961669921875;51968.0
1502548225.1909275054931640625;28416.0
1502548225.2223663330078125;51200.0
1502548225.2596833705902099609375;35328.0
1502548225.37732028961181640625;38144.0
1502548225.4555804729461669921875;37888.0
1502548225.525390148162841796875;29184.0
1502548225.5843498706817626953125;51712.0
1502548225.621063232421875;65280.0
1502548225.6476218700408935546875;52736.0
1502548225.649164676666259765625;51456.0
1502548225.6883261203765869140625;37120.0
1502548225.7061460018157958984375;50432.0
1502548225.7067825794219970703125;63488.0
1502548225.8050959110260009765625;36608.0
1502548225.8629777431488037109375;39936.0
1502548225.87471866607666015625;42752.0
1502548225.88346767425537109375;36864.0
1502548225.8874566555023193359375;29440.0
1502548225.89899349212646484375;26112.0
1502548226.0874764919281005859375;40960.0
1502548226.091953277587890625;53248.0
1502548226.1916868686676025390625;38144.0
1502548226.1955416202545166015625;35840.0
1502548226.224573612213134765625;27392.0
1502548226.2606489658355712890625;24064.0
1502548226.3073194026947021484375;28160.0
1502548226.3413715362548828125;37632.0
1502548226.418945789337158203125;27648.0
1502548226.516193866729736328125;43008.0
1502548226.5163958072662353515625;31232.0
1502548226.5553605556488037109375;55552.0
1502548226.5565021038055419921875;26368.0
1502548226.6916329860687255859375;36608.0
1502548226.695724964141845703125;36096.0
1502548226.8241879940032958984375;174848.0
1502548226.903383731842041015625;38912.0
1502548226.978867053985595703125;23296.0
1502548226.9788949489593505859375;16128.0
1502548227.011867046356201171875;36864.0
1502548227.0395908355712890625;37120.0
1502548227.0632674694061279296875;28672.0
1502548227.101166248321533203125;41472.0
1502548227.12004947662353515625;84224.0
1502548227.121048450469970703125;23296.0
1502548227.1551601886749267578125;36608.0
1502548227.17671298980712890625;36864.0
1502548227.1849308013916015625;25088.0
1502548227.1889514923095703125;37632.0
1502548227.1893558502197265625;99840.0
1502548227.19008731842041015625;45056.0
1502548227.2555835247039794921875;25856.0
1502548227.3113048076629638671875;37376.0
1502548227.444338321685791015625;51968.0
1502548227.4977662563323974609375;35840.0
1502548227.52838039398193359375;36352.0
1502548227.5443308353424072265625;38400.0
1502548227.6088016033172607421875;28416.0
1502548227.6240012645721435546875;36352.0
1502548227.635800838470458984375;37632.0
1502548227.6514225006103515625;38144.0
1502548227.71588897705078125;28160.0
1502548227.7556598186492919921875;55552.0
1502548227.776414394378662109375;38912.0
1502548227.77676868438720703125;29440.0
1502548227.8592035770416259765625;54016.0
1502548227.9396209716796875;37376.0
1502548227.9728147983551025390625;25856.0
1502548227.9728910923004150390625;30976.0
1502548228.015977382659912109375;136448.0
1502548228.055799961090087890625;51200.0
1502548228.10155391693115234375;34560.0
1502548228.1839759349822998046875;33280.0
1502548228.1889455318450927734375;26880.0
1502548228.248999118804931640625;51968.0
1502548228.2816102504730224609375;68352.0
1502548228.33144092559814453125;35328.0
1502548228.3398587703704833984375;39936.0
1502548228.3891160488128662109375;51712.0
1502548228.4173729419708251953125;29440.0
1502548228.4284365177154541015625;39168.0
1502548228.4512035846710205078125;38656.0
1502548228.4552838802337646484375;34048.0
1502548228.6002151966094970703125;37120.0
1502548228.6011583805084228515625;20992.0
1502548228.6107795238494873046875;23552.0
1502548228.613474369049072265625;26880.0
1502548228.6698567867279052734375;35072.0
1502548228.6994912624359130859375;28672.0
1502548228.7123973369598388671875;40192.0
1502548228.7179927825927734375;68096.0
1502548228.73111248016357421875;37376.0
1502548228.7356870174407958984375;31744.0
1502548228.8232777118682861328125;30976.0
1502548228.864734649658203125;50432.0
1502548228.8798687458038330078125;31232.0
1502548228.902964115142822265625;30208.0
1502548229.031702518463134765625;50944.0
1502548229.0826861858367919921875;21504.0
1502548229.113337993621826171875;60416.0
1502548229.1139285564422607421875;48896.0
1502548229.1639404296875;36352.0
1502548229.244533538818359375;51456.0
1502548229.2452518939971923828125;26112.0
1502548229.424165248870849609375;38912.0
1502548229.454676151275634765625;34816.0
1502548229.4897823333740234375;30208.0
1502548229.4994938373565673828125;28416.0
1502548229.5387971401214599609375;55808.0
1502548229.57337188720703125;28672.0
1502548229.5909709930419921875;30464.0
1502548229.6841523647308349609375;52480.0
1502548229.7242977619171142578125;50432.0
1502548229.7578945159912109375;50944.0
1502548229.773525714874267578125;29440.0
1502548229.8605420589447021484375;67584.0
1502548229.930502414703369140625;25856.0
1502548229.9910755157470703125;32512.0
1502548230.0207664966583251953125;38400.0
1502548230.070970058441162109375;113920.0
1502548230.0894381999969482421875;37632.0
1502548230.1093490123748779296875;60160.0
1502548230.204963207244873046875;204800.0
1502548230.3125627040863037109375;49152.0
1502548230.3526210784912109375;60416.0
1502548230.4364469051361083984375;75776.0
1502548230.4436748027801513671875;36096.0
1502548230.454447269439697265625;50944.0
1502548230.4681589603424072265625;59392.0
1502548230.6265656948089599609375;51968.0
1502548230.6300914287567138671875;29184.0
1502548230.6387803554534912109375;29696.0
1502548230.731806278228759765625;43264.0
1502548230.763040065765380859375;36864.0
1502548230.8362061977386474609375;45824.0
1502548230.8647949695587158203125;46336.0
1502548230.8653829097747802734375;31232.0
1502548230.908883571624755859375;28672.0
1502548230.910189151763916015625;31744.0
1502548231.0119259357452392578125;48384.0
1502548231.0162487030029296875;46080.0
1502548231.0920441150665283203125;40448.0
1502548231.29700565338134765625;53504.0
1502548231.2989990711212158203125;24832.0
1502548231.3000667095184326171875;31744.0
1502548231.3052031993865966796875;24064.0
1502548231.3114013671875;46336.0
1502548231.3663742542266845703125;26112.0
1502548231.4149248600006103515625;26880.0
1502548231.435914516448974609375;37632.0
1502548231.48762607574462890625;28672.0
1502548231.494923114776611328125;19712.0
1502548231.5552823543548583984375;54784.0
1502548231.5583493709564208984375;27392.0
1502548231.5729758739471435546875;37888.0
1502548231.598925113677978515625;28160.0
1502548231.60919094085693359375;33024.0
1502548231.620698451995849609375;26880.0
1502548231.696659564971923828125;47872.0
1502548231.70407199859619140625;139776.0
1502548231.7796630859375;37376.0
1502548231.7807028293609619140625;34304.0
1502548232.0419490337371826171875;38400.0
1502548232.0915229320526123046875;51456.0
1502548232.0958569049835205078125;36608.0
1502548232.1984317302703857421875;38144.0
1502548232.2648334503173828125;38400.0
1502548232.299286365509033203125;28672.0
1502548232.3637831211090087890625;38656.0
1502548232.379372119903564453125;36352.0
1502548232.4966204166412353515625;30464.0
1502548232.5189979076385498046875;37120.0
1502548232.5235564708709716796875;36608.0
1502548232.536102771759033203125;37376.0
1502548232.6763279438018798828125;39936.0
1502548232.6936571598052978515625;52224.0
1502548232.7559959888458251953125;50688.0
1502548232.8203055858612060546875;26368.0
1502548232.83039951324462890625;38400.0
1502548232.842202663421630859375;39424.0
1502548232.891755580902099609375;37888.0
1502548232.90441608428955078125;35328.0
1502548233.019204616546630859375;124928.0
1502548233.085999965667724609375;62208.0
1502548233.1054821014404296875;27392.0
1502548233.1777780055999755859375;36608.0
1502548233.2481434345245361328125;39168.0
1502548233.2680568695068359375;52224.0
1502548233.284076690673828125;50688.0
1502548233.3436267375946044921875;38144.0
1502548233.4817905426025390625;37120.0
1502548233.4916107654571533203125;36864.0
1502548233.6458022594451904296875;294912.0
1502548233.7429010868072509765625;53504.0
1502548233.790342807769775390625;30720.0
1502548233.93288421630859375;37120.0
1502548234.0210597515106201171875;36608.0
1502548234.0238649845123291015625;25600.0
1502548234.032490253448486328125;28672.0
1502548234.047087192535400390625;58880.0
1502548234.1478378772735595703125;37632.0
1502548234.2125775814056396484375;29696.0
1502548234.2799832820892333984375;56320.0
1502548234.3767664432525634765625;51456.0
1502548234.400073528289794921875;38912.0
1502548234.429224491119384765625;57856.0
1502548234.4468038082122802734375;167168.0
1502548234.4834401607513427734375;37632.0
1502548234.5710332393646240234375;28928.0
1502548234.6840236186981201171875;104192.0
1502548234.7798879146575927734375;51200.0
1502548234.7928860187530517578125;50432.0
1502548234.8067257404327392578125;44800.0
1502548234.82468414306640625;27904.0
1502548234.843875408172607421875;38912.0
1502548234.863491535186767578125;27136.0
1502548234.86722278594970703125;42240.0
1502548234.9360396862030029296875;37888.0
1502548234.9396550655364990234375;51968.0
1502548234.960548877716064453125;57088.0
1502548234.9699108600616455078125;37888.0
1502548234.9905364513397216796875;27904.0
1502548235.055615901947021484375;35584.0
1502548235.143493175506591796875;28416.0
1502548235.1514217853546142578125;34816.0
1502548235.168292522430419921875;53248.0
1502548235.1831471920013427734375;37888.0
1502548235.1955654621124267578125;38144.0
1502548235.2236690521240234375;55296.0
1502548235.2481567859649658203125;50176.0
1502548235.27474689483642578125;54784.0
1502548235.2944943904876708984375;51200.0
1502548235.3113219738006591796875;54784.0
1502548235.33458995819091796875;36352.0
1502548235.4242007732391357421875;26880.0
1502548235.4247548580169677734375;90368.0
1502548235.45586109161376953125;36096.0
1502548235.5002820491790771484375;37376.0
1502548235.540493488311767578125;280320.0
1502548235.5947458744049072265625;52480.0
1502548235.61774349212646484375;37632.0
1502548235.6604664325714111328125;28672.0
1502548235.679194927215576171875;50944.0
1502548235.7155182361602783203125;37888.0
1502548235.7307198047637939453125;32768.0
1502548235.7315003871917724609375;20480.0
1502548235.743946075439453125;21760.0
1502548235.7733533382415771484375;41472.0
1502548235.7744824886322021484375;34304.0
1502548235.7793903350830078125;31232.0
1502548235.8154633045196533203125;37120.0
1502548235.9613745212554931640625;52992.0
1502548236.004194736480712890625;37888.0
1502548236.011982440948486328125;50176.0
1502548236.018955707550048828125;88576.0
1502548236.034736156463623046875;39680.0
1502548236.047402858734130859375;33792.0
1502548236.07179737091064453125;86528.0
1502548236.1273262500762939453125;37888.0
1502548236.1366703510284423828125;34048.0
1502548236.20566463470458984375;37888.0
1502548236.231869220733642578125;28416.0
1502548236.239664554595947265625;46336.0
1502548236.2593071460723876953125;61696.0
1502548236.2601120471954345703125;24064.0
1502548236.2703444957733154296875;50432.0
1502548236.3124258518218994140625;38144.0
1502548236.363315582275390625;55040.0
1502548236.3654754161834716796875;70656.0
1502548236.3960697650909423828125;81408.0
1502548236.3984158039093017578125;49152.0
1502548236.407089710235595703125;37120.0
1502548236.4563200473785400390625;29440.0
1502548236.471354961395263671875;28672.0
1502548236.5086610317230224609375;29184.0
1502548236.611824512481689453125;26112.0
1502548236.6227214336395263671875;72192.0
1502548236.7117745876312255859375;37888.0
1502548236.7512152194976806640625;36352.0
1502548236.7513020038604736328125;15360.0
1502548236.85151767730712890625;28416.0
1502548237.02805042266845703125;51712.0
1502548237.078982830047607421875;51968.0
1502548237.1192591190338134765625;51200.0
1502548237.13078212738037109375;50688.0
1502548237.146524906158447265625;38656.0
1502548237.1605966091156005859375;29440.0
1502548237.210760593414306640625;51968.0
1502548237.2307865619659423828125;40192.0
1502548237.2308199405670166015625;59648.0
1502548237.232920169830322265625;46592.0
1502548237.2463066577911376953125;22272.0
1502548237.3747882843017578125;50432.0
1502548237.392085552215576171875;106752.0
1502548237.48552227020263671875;37376.0
1502548237.57194423675537109375;52224.0
1502548237.6797997951507568359375;34304.0
1502548237.7195775508880615234375;52480.0
1502548237.7252285480499267578125;36608.0
1502548237.8053300380706787109375;41728.0
1502548237.8180024623870849609375;73728.0
1502548237.8513553142547607421875;33024.0
1502548237.872591495513916015625;34048.0
1502548237.8974101543426513671875;35840.0
1502548237.899654865264892578125;25088.0
1502548237.9198858737945556640625;30720.0
1502548238.040868282318115234375;70144.0
1502548238.3554575443267822265625;37120.0
1502548238.382992267608642578125;29184.0
1502548238.4602921009063720703125;29952.0
1502548238.4765071868896484375;34048.0
1502548238.505691051483154296875;54016.0
1502548238.5393745899200439453125;35328.0
1502548238.5459096431732177734375;140032.0
1502548238.555419445037841796875;41216.0
1502548238.56444644927978515625;55808.0
1502548238.588870525360107421875;29184.0
1502548238.62420749664306640625;37888.0
1502548238.656845569610595703125;33792.0
1502548238.6945946216583251953125;37632.0
1502548238.81533908843994140625;51968.0
1502548238.8377029895782470703125;209152.0
1502548238.9039514064788818359375;271872.0
1502548238.9713866710662841796875;37888.0
1502548239.064816951751708984375;40448.0
1502548239.2083408832550048828125;76544.0
1502548239.2501866817474365234375;76800.0
1502548239.2602050304412841796875;26112.0
1502548239.277554988861083984375;44800.0
1502548239.3146650791168212890625;29184.0
1502548239.3304412364959716796875;22272.0
1502548239.36034679412841796875;37888.0
1502548239.3855440616607666015625;33024.0
1502548239.395425319671630859375;37376.0
1502548239.51179981231689453125;58880.0
1502548239.5438849925994873046875;29696.0
1502548239.6191737651824951171875;28672.0
1502548239.7527315616607666015625;51200.0
1502548239.764136791229248046875;40448.0
1502548239.8365042209625244140625;36096.0
1502548239.876315593719482421875;37632.0
1502548240.044022083282470703125;50944.0
1502548240.1500022411346435546875;70400.0
1502548240.15000629425048828125;135680.0
1502548240.1656434535980224609375;52224.0
1502548240.1804599761962890625;37632.0
1502548240.1883656978607177734375;52224.0
1502548240.2512190341949462890625;75264.0
1502548240.251651763916015625;41472.0
1502548240.28182315826416015625;51200.0
1502548240.4122638702392578125;39680.0
1502548240.44186305999755859375;39168.0
