1502548061.1143829822540283203125;28928.0
1502548061.152290821075439453125;32256.0
1502548061.1673252582550048828125;34560.0
1502548061.1962616443634033203125;50432.0
1502548061.216064453125;73728.0
1502548061.2320802211761474609375;23040.0
1502548061.272144317626953125;36096.0
1502548061.275048732757568359375;30208.0
1502548061.3114778995513916015625;35840.0
1502548061.3151721954345703125;26624.0
1502548061.320858478546142578125;30720.0
1502548061.354217529296875;36608.0
1502548061.37952518463134765625;49408.0
1502548061.391666889190673828125;34048.0
1502548061.46548748016357421875;35584.0
1502548061.518679141998291015625;27136.0
1502548061.5230433940887451171875;53504.0
1502548061.616651058197021484375;50432.0
1502548061.656798839569091796875;39424.0
1502548061.657912731170654296875;43264.0
1502548061.6750872135162353515625;30720.0
1502548061.76961421966552734375;52736.0
1502548061.7837619781494140625;43520.0
1502548061.808017730712890625;28160.0
1502548061.8138248920440673828125;26624.0
1502548061.8951053619384765625;39168.0
1502548061.9193775653839111328125;19968.0
1502548061.9364702701568603515625;43520.0
1502548061.9813334941864013671875;34048.0
1502548062.017255306243896484375;49920.0
1502548062.018305301666259765625;119040.0
1502548062.0242290496826171875;50432.0
1502548062.065128803253173828125;195584.0
1502548062.07960414886474609375;123648.0
1502548062.103987216949462890625;32512.0
1502548062.1180741786956787109375;139264.0
1502548062.1659677028656005859375;35840.0
1502548062.2465107440948486328125;30208.0
1502548062.246715545654296875;24064.0
1502548062.2471306324005126953125;65536.0
1502548062.25962352752685546875;36864.0
1502548062.27960681915283203125;33280.0
1502548062.3762466907501220703125;50432.0
1502548062.4285814762115478515625;38656.0
1502548062.4557323455810546875;49920.0
1502548062.49763584136962890625;30464.0
1502548062.5036003589630126953125;37376.0
1502548062.5449464321136474609375;35584.0
1502548062.5618302822113037109375;39936.0
1502548062.58591461181640625;37632.0
1502548062.6755712032318115234375;36096.0
1502548062.68624973297119140625;35840.0
1502548062.700715541839599609375;50432.0
1502548062.728471279144287109375;30720.0
1502548062.7288227081298828125;60672.0
1502548062.7366387844085693359375;25344.0
1502548062.79108142852783203125;33536.0
1502548062.9152123928070068359375;35840.0
1502548062.91533565521240234375;23040.0
1502548062.9445705413818359375;51200.0
1502548062.9523909091949462890625;50688.0
1502548062.9934940338134765625;47616.0
1502548063.028542995452880859375;25344.0
1502548063.03930759429931640625;32768.0
1502548063.108425617218017578125;37888.0
1502548063.12222766876220703125;35328.0
1502548063.167291164398193359375;72960.0
1502548063.20293903350830078125;36352.0
1502548063.2452695369720458984375;29184.0
1502548063.2542095184326171875;36864.0
1502548063.2902157306671142578125;58112.0
1502548063.3199579715728759765625;37120.0
1502548063.370960235595703125;36096.0
1502548063.4435710906982421875;37376.0
1502548063.4896886348724365234375;42752.0
1502548063.5245609283447265625;36608.0
1502548063.5405914783477783203125;38400.0
1502548063.540749073028564453125;33792.0
1502548063.5874040126800537109375;38144.0
1502548063.5917780399322509765625;27136.0
1502548063.615478992462158203125;41472.0
1502548063.6757404804229736328125;37376.0
1502548063.6796572208404541015625;54016.0
1502548063.7073085308074951171875;37120.0
1502548063.7164342403411865234375;33792.0
1502548063.731907367706298828125;55040.0
1502548063.7445685863494873046875;50688.0
1502548063.75244808197021484375;36608.0
1502548063.7598073482513427734375;51456.0
1502548063.804278850555419921875;60416.0
1502548063.8999788761138916015625;51712.0
1502548063.9015038013458251953125;61184.0
1502548063.9029786586761474609375;38144.0
1502548063.9080612659454345703125;51456.0
1502548064.093146800994873046875;62976.0
1502548064.1106474399566650390625;77568.0
1502548064.114913463592529296875;54784.0
1502548064.1363964080810546875;64256.0
1502548064.1364967823028564453125;46336.0
1502548064.13794612884521484375;35840.0
1502548064.143109798431396484375;33280.0
1502548064.167704105377197265625;27648.0
1502548064.19538116455078125;36352.0
1502548064.20435333251953125;28672.0
1502548064.2157490253448486328125;37120.0
1502548064.264797687530517578125;49664.0
1502548064.2766549587249755859375;82688.0
1502548064.289333343505859375;24576.0
1502548064.32459163665771484375;31744.0
1502548064.3255774974822998046875;19200.0
1502548064.3755271434783935546875;26368.0
1502548064.38341999053955078125;29440.0
1502548064.392316341400146484375;62464.0
1502548064.5103371143341064453125;29184.0
1502548064.5181140899658203125;24832.0
1502548064.5233097076416015625;34816.0
1502548064.5848739147186279296875;36864.0
1502548064.667432308197021484375;36608.0
1502548064.7553789615631103515625;35328.0
1502548064.7672936916351318359375;49664.0
1502548064.8041985034942626953125;36096.0
1502548064.913876056671142578125;39680.0
1502548064.9324004650115966796875;36608.0
1502548064.98663330078125;38144.0
1502548064.99427700042724609375;49152.0
1502548065.003904819488525390625;29440.0
1502548065.131818294525146484375;50432.0
1502548065.1523234844207763671875;52992.0
1502548065.2142696380615234375;38656.0
1502548065.240962505340576171875;38400.0
1502548065.2664492130279541015625;40704.0
1502548065.2888462543487548828125;28672.0
1502548065.2997639179229736328125;27392.0
1502548065.3558528423309326171875;36864.0
1502548065.363919734954833984375;35840.0
1502548065.4433844089508056640625;38400.0
1502548065.4440419673919677734375;23040.0
1502548065.5001981258392333984375;51456.0
1502548065.5039842128753662109375;36096.0
1502548065.51465892791748046875;49920.0
1502548065.5148403644561767578125;23808.0
1502548065.6359069347381591796875;36096.0
1502548065.69647216796875;49408.0
1502548065.74727153778076171875;65536.0
1502548065.7509987354278564453125;38400.0
1502548065.751131534576416015625;25088.0
1502548065.7518937587738037109375;25088.0
1502548065.7995879650115966796875;57344.0
1502548065.804077625274658203125;24320.0
1502548065.815355777740478515625;36608.0
1502548065.852124691009521484375;30720.0
1502548065.8717157840728759765625;36096.0
1502548065.8835780620574951171875;47616.0
1502548065.8915565013885498046875;34816.0
1502548065.9186856746673583984375;21504.0
1502548065.9532201290130615234375;31232.0
1502548065.9812576770782470703125;39168.0
1502548065.983625888824462890625;49408.0
1502548066.027463436126708984375;40448.0
1502548066.0290701389312744140625;57600.0
1502548066.0561656951904296875;35328.0
1502548066.075273990631103515625;37120.0
1502548066.0778501033782958984375;124160.0
1502548066.1648638248443603515625;35584.0
1502548066.240162372589111328125;50688.0
1502548066.361292362213134765625;51456.0
1502548066.43348789215087890625;49152.0
1502548066.5402851104736328125;27136.0
1502548066.543567180633544921875;36608.0
1502548066.5762403011322021484375;25088.0
1502548066.59512996673583984375;27136.0
1502548066.6175525188446044921875;35328.0
1502548066.645384311676025390625;36352.0
1502548066.672462940216064453125;27648.0
1502548066.683685779571533203125;40704.0
1502548066.699868679046630859375;49152.0
1502548066.7054679393768310546875;34560.0
1502548066.7389552593231201171875;50176.0
1502548066.7662084102630615234375;26624.0
1502548066.772411346435546875;26368.0
1502548066.8368051052093505859375;53248.0
1502548066.863025665283203125;23040.0
1502548066.879496097564697265625;24064.0
1502548066.8945124149322509765625;17920.0
1502548066.8946170806884765625;32768.0
1502548066.9033820629119873046875;40960.0
1502548067.125736236572265625;29184.0
1502548067.1721599102020263671875;26112.0
1502548067.227694034576416015625;36608.0
1502548067.231145381927490234375;33024.0
1502548067.2723891735076904296875;49664.0
1502548067.275278568267822265625;36096.0
1502548067.3083460330963134765625;26880.0
1502548067.3302428722381591796875;25088.0
1502548067.3470160961151123046875;25088.0
1502548067.43252468109130859375;39168.0
1502548067.4699742794036865234375;76032.0
1502548067.4791202545166015625;51200.0
1502548067.4876997470855712890625;37632.0
1502548067.508247852325439453125;48640.0
1502548067.508434772491455078125;33792.0
1502548067.5115129947662353515625;33024.0
1502548067.5557231903076171875;50432.0
1502548067.6284396648406982421875;49920.0
1502548067.6533138751983642578125;36864.0
1502548067.692698001861572265625;29440.0
1502548067.7146098613739013671875;27648.0
1502548067.72933673858642578125;52224.0
1502548067.730901241302490234375;24320.0
1502548067.7996895313262939453125;50176.0
1502548067.93486881256103515625;33792.0
1502548067.93795490264892578125;48128.0
1502548067.9810841083526611328125;36864.0
1502548068.029064655303955078125;36608.0
1502548068.051575183868408203125;27648.0
1502548068.1008927822113037109375;84480.0
1502548068.1534402370452880859375;49408.0
1502548068.232855319976806640625;36608.0
1502548068.2382586002349853515625;50432.0
1502548068.2399222850799560546875;24064.0
1502548068.30346965789794921875;32512.0
1502548068.3918325901031494140625;37120.0
1502548068.40825176239013671875;49920.0
1502548068.481114864349365234375;36096.0
1502548068.4936330318450927734375;33280.0
1502548068.564541339874267578125;1013760.0
1502548068.6014840602874755859375;37632.0
1502548068.6194083690643310546875;50432.0
1502548068.67055988311767578125;52224.0
1502548068.7161557674407958984375;36864.0
1502548068.7796037197113037109375;36352.0
1502548068.796879291534423828125;50176.0
1502548068.8555366992950439453125;24064.0
1502548068.863912105560302734375;28160.0
1502548068.86840152740478515625;25344.0
1502548068.9305255413055419921875;37376.0
1502548068.9381339550018310546875;23552.0
1502548068.9930553436279296875;36352.0
1502548068.995351314544677734375;34816.0
1502548069.0623481273651123046875;49152.0
1502548069.07652378082275390625;49408.0
1502548069.1004559993743896484375;51712.0
1502548069.1279685497283935546875;35328.0
1502548069.166849613189697265625;34304.0
1502548069.1846787929534912109375;28160.0
1502548069.2324688434600830078125;45056.0
1502548069.237757205963134765625;24320.0
1502548069.3827884197235107421875;49664.0
1502548069.4156525135040283203125;33280.0
1502548069.4604833126068115234375;50432.0
1502548069.481939792633056640625;48640.0
1502548069.4996051788330078125;37376.0
1502548069.53701496124267578125;33536.0
1502548069.542833805084228515625;33280.0
1502548069.6353628635406494140625;35072.0
1502548069.65088558197021484375;36352.0
1502548069.7240085601806640625;33280.0
1502548069.76771831512451171875;37888.0
1502548069.7714545726776123046875;50688.0
1502548069.801502227783203125;26368.0
1502548069.8483316898345947265625;47360.0
1502548069.8712990283966064453125;22784.0
1502548069.9035789966583251953125;51200.0
1502548069.9156854152679443359375;19968.0
1502548069.956092357635498046875;115968.0
1502548070.0429885387420654296875;37120.0
1502548070.0519249439239501953125;50688.0
1502548070.2167546749114990234375;50432.0
1502548070.2851002216339111328125;35072.0
1502548070.384711742401123046875;37888.0
1502548070.516280651092529296875;37376.0
1502548070.5211203098297119140625;54528.0
1502548070.5359742641448974609375;47872.0
1502548070.575930118560791015625;27136.0
1502548070.603850841522216796875;37632.0
1502548070.638144969940185546875;44800.0
1502548070.638619899749755859375;44544.0
1502548070.7241699695587158203125;168192.0
1502548070.7402932643890380859375;133120.0
1502548070.78036594390869140625;49664.0
1502548070.7999136447906494140625;49664.0
1502548070.8004894256591796875;150528.0
1502548070.8245837688446044921875;52224.0
1502548070.8306839466094970703125;26624.0
1502548070.8528401851654052734375;35840.0
1502548070.884045124053955078125;59904.0
1502548070.955334186553955078125;34560.0
1502548070.9721872806549072265625;139264.0
1502548071.0172975063323974609375;47360.0
1502548071.0550644397735595703125;28672.0
1502548071.08566188812255859375;27392.0
1502548071.0922300815582275390625;37632.0
1502548071.09543132781982421875;26368.0
1502548071.12257671356201171875;30208.0
1502548071.1418435573577880859375;28928.0
1502548071.169071674346923828125;26880.0
1502548071.25280857086181640625;86016.0
1502548071.2603957653045654296875;34816.0
1502548071.3001358509063720703125;65280.0
1502548071.33086109161376953125;186624.0
1502548071.4429662227630615234375;81920.0
1502548071.4433090686798095703125;27136.0
1502548071.46372509002685546875;35328.0
1502548071.4755527973175048828125;130816.0
1502548071.6373383998870849609375;26624.0
1502548071.7213118076324462890625;27648.0
1502548071.723073482513427734375;30464.0
1502548071.7231590747833251953125;19712.0
1502548071.7236995697021484375;32512.0
1502548071.7645280361175537109375;96768.0
1502548071.766697406768798828125;23552.0
1502548071.7669913768768310546875;47872.0
1502548071.8369495868682861328125;51200.0
1502548071.871579647064208984375;27648.0
1502548071.878190517425537109375;36864.0
1502548071.881627559661865234375;28672.0
1502548071.892730236053466796875;24576.0
1502548071.8934085369110107421875;29440.0
1502548071.9086749553680419921875;32512.0
1502548071.9269645214080810546875;48128.0
1502548071.9281947612762451171875;49664.0
1502548071.9413387775421142578125;90112.0
1502548071.9648554325103759765625;27904.0
1502548071.9756739139556884765625;29184.0
1502548072.0359332561492919921875;49152.0
1502548072.041805744171142578125;49664.0
1502548072.0656087398529052734375;36096.0
1502548072.0775210857391357421875;29440.0
1502548072.179595470428466796875;28928.0
1502548072.320266246795654296875;49920.0
1502548072.369991302490234375;122624.0
1502548072.380285739898681640625;49664.0
1502548072.437054157257080078125;49408.0
1502548072.4372432231903076171875;34816.0
1502548072.6153738498687744140625;30208.0
1502548072.6492483615875244140625;57600.0
1502548072.7762115001678466796875;35328.0
1502548072.81171512603759765625;35840.0
1502548072.8922977447509765625;37376.0
1502548072.8957450389862060546875;48896.0
1502548072.9589917659759521484375;39168.0
1502548072.964267253875732421875;35328.0
1502548073.012546062469482421875;36864.0
1502548073.0920727252960205078125;50176.0
1502548073.093491077423095703125;29440.0
1502548073.1219246387481689453125;36096.0
1502548073.1422231197357177734375;52992.0
1502548073.1525409221649169921875;36352.0
1502548073.1526043415069580078125;24320.0
1502548073.2005708217620849609375;37120.0
1502548073.2247993946075439453125;55808.0
1502548073.2330567836761474609375;35584.0
1502548073.2387740612030029296875;33792.0
1502548073.292188167572021484375;50688.0
1502548073.3327863216400146484375;52224.0
1502548073.399487018585205078125;48896.0
1502548073.4602069854736328125;52224.0
1502548073.487682819366455078125;35584.0
1502548073.5525548458099365234375;270592.0
1502548073.579944610595703125;50944.0
1502548073.6086680889129638671875;40448.0
1502548073.6097314357757568359375;38400.0
1502548073.6156837940216064453125;136960.0
1502548073.621667385101318359375;31744.0
1502548073.6490020751953125;32768.0
1502548073.7271292209625244140625;34560.0
1502548073.7359535694122314453125;35072.0
1502548073.7657306194305419921875;35072.0
1502548073.76748371124267578125;35328.0
1502548073.815933704376220703125;50176.0
1502548073.8802568912506103515625;50432.0
1502548073.8824203014373779296875;49664.0
1502548073.923024654388427734375;32768.0
1502548073.93675994873046875;22784.0
1502548073.9958288669586181640625;52736.0
1502548074.008719921112060546875;127744.0
1502548074.025310993194580078125;50432.0
1502548074.040198802947998046875;82944.0
1502548074.0430452823638916015625;35584.0
1502548074.08660793304443359375;49408.0
1502548074.141685009002685546875;27648.0
1502548074.1912691593170166015625;35072.0
1502548074.2682421207427978515625;50944.0
1502548074.269313335418701171875;48896.0
1502548074.2752101421356201171875;33280.0
1502548074.303764820098876953125;39936.0
1502548074.35306835174560546875;35584.0
1502548074.36465930938720703125;27136.0
1502548074.4305164813995361328125;58112.0
1502548074.43092060089111328125;35072.0
1502548074.4672145843505859375;37888.0
1502548074.4735057353973388671875;36352.0
1502548074.614860057830810546875;27392.0
1502548074.6149451732635498046875;17408.0
1502548074.71211719512939453125;49920.0
1502548074.7211596965789794921875;25344.0
1502548074.7283935546875;49408.0
1502548074.771791934967041015625;50176.0
1502548074.771962642669677734375;33536.0
1502548074.8316671848297119140625;33792.0
1502548074.8572292327880859375;49408.0
1502548074.8574140071868896484375;33024.0
1502548074.88686370849609375;35328.0
1502548074.9037456512451171875;92416.0
1502548074.9069030284881591796875;24576.0
1502548074.935283660888671875;59392.0
1502548074.947926044464111328125;49664.0
1502548075.1558816432952880859375;36608.0
1502548075.187468051910400390625;49152.0
1502548075.219429492950439453125;38400.0
1502548075.220077037811279296875;41728.0
1502548075.3437883853912353515625;37376.0
1502548075.35520839691162109375;32256.0
1502548075.368865489959716796875;29696.0
1502548075.38542938232421875;19968.0
1502548075.4039173126220703125;25600.0
1502548075.4088819026947021484375;31744.0
1502548075.45591068267822265625;50432.0
1502548075.4962904453277587890625;39168.0
1502548075.503881931304931640625;50432.0
1502548075.50467681884765625;98560.0
1502548075.5352656841278076171875;50944.0
1502548075.735144138336181640625;48896.0
1502548075.7477009296417236328125;32256.0
1502548075.7767641544342041015625;49920.0
1502548075.8466088771820068359375;38912.0
1502548075.9399204254150390625;40192.0
1502548075.9678041934967041015625;50944.0
1502548076.081211566925048828125;38144.0
1502548076.103221416473388671875;32768.0
1502548076.11471271514892578125;38656.0
1502548076.114822864532470703125;32256.0
1502548076.15536403656005859375;23808.0
1502548076.214673519134521484375;36096.0
1502548076.2849433422088623046875;48128.0
1502548076.2994887828826904296875;28160.0
1502548076.3333187103271484375;68096.0
1502548076.3931920528411865234375;27904.0
1502548076.407551288604736328125;36864.0
1502548076.4360640048980712890625;92928.0
1502548076.47627162933349609375;26624.0
1502548076.4836232662200927734375;26624.0
1502548076.536613941192626953125;41728.0
1502548076.5808913707733154296875;28416.0
1502548076.61077404022216796875;37120.0
1502548076.6147363185882568359375;45568.0
1502548076.6803467273712158203125;203264.0
1502548076.752599239349365234375;38656.0
1502548076.75274944305419921875;34560.0
1502548076.8153054714202880859375;176896.0
1502548076.827997684478759765625;41984.0
1502548076.8543136119842529296875;36864.0
1502548076.9486484527587890625;30976.0
1502548076.9803249835968017578125;50432.0
1502548076.99207305908203125;53248.0
1502548077.0007445812225341796875;36608.0
1502548077.0421669483184814453125;37888.0
1502548077.04948902130126953125;36096.0
1502548077.071896076202392578125;33024.0
1502548077.104472637176513671875;21504.0
1502548077.1315543651580810546875;41984.0
1502548077.1433265209197998046875;35328.0
1502548077.2063653469085693359375;36096.0
1502548077.2176129817962646484375;34816.0
1502548077.2244040966033935546875;26624.0
1502548077.31966876983642578125;46336.0
1502548077.4009187221527099609375;32512.0
1502548077.4010097980499267578125;23296.0
1502548077.4566364288330078125;48896.0
1502548077.4785521030426025390625;60416.0
1502548077.4932134151458740234375;26624.0
1502548077.4941704273223876953125;28928.0
1502548077.5829885005950927734375;49664.0
1502548077.592296123504638671875;32512.0
1502548077.6163346767425537109375;51200.0
1502548077.633685588836669921875;32256.0
1502548077.643126964569091796875;25856.0
1502548077.64419841766357421875;49408.0
1502548077.66642665863037109375;25088.0
1502548077.683475971221923828125;36096.0
1502548077.692890167236328125;33792.0
1502548077.7406346797943115234375;36096.0
1502548077.7645320892333984375;37120.0
1502548077.7759082317352294921875;27392.0
1502548077.8552033901214599609375;36608.0
1502548077.86691951751708984375;38144.0
1502548077.890417575836181640625;34304.0
1502548077.8910849094390869140625;30464.0
1502548077.8946025371551513671875;20736.0
1502548077.9592716693878173828125;52480.0
1502548077.99212169647216796875;52224.0
1502548078.00394344329833984375;50432.0
1502548078.1286032199859619140625;36096.0
1502548078.133220195770263671875;26624.0
1502548078.155467987060546875;26880.0
1502548078.17381191253662109375;22784.0
1502548078.19824695587158203125;27648.0
1502548078.43530178070068359375;28160.0
1502548078.4435517787933349609375;35584.0
1502548078.4519374370574951171875;28160.0
1502548078.464819431304931640625;27392.0
1502548078.5124752521514892578125;32768.0
1502548078.5368077754974365234375;21248.0
1502548078.5400741100311279296875;27648.0
1502548078.5506985187530517578125;30464.0
1502548078.5588767528533935546875;41216.0
1502548078.5743820667266845703125;30976.0
1502548078.593679904937744140625;36352.0
1502548078.5960896015167236328125;26624.0
1502548078.647216796875;43008.0
1502548078.7011101245880126953125;37632.0
1502548078.795433521270751953125;35840.0
1502548078.8581640720367431640625;42240.0
1502548078.8996715545654296875;35840.0
1502548078.914194583892822265625;38144.0
1502548079.0277690887451171875;51456.0
1502548079.033326625823974609375;39168.0
1502548079.0846498012542724609375;24832.0
1502548079.092104434967041015625;34304.0
1502548079.135850429534912109375;25600.0
1502548079.15158939361572265625;27392.0
1502548079.1798269748687744140625;35840.0
1502548079.2316920757293701171875;32256.0
1502548079.2934968471527099609375;27648.0
1502548079.312891483306884765625;29184.0
1502548079.4200465679168701171875;50944.0
1502548079.4236087799072265625;22272.0
1502548079.4772961139678955078125;36864.0
1502548079.495568752288818359375;48384.0
1502548079.5214245319366455078125;48128.0
1502548079.5857751369476318359375;35840.0
1502548079.618496417999267578125;51200.0
1502548079.6813747882843017578125;36864.0
1502548079.8844435214996337890625;38400.0
1502548079.889675140380859375;36608.0
1502548079.939776897430419921875;27648.0
1502548079.964632511138916015625;34816.0
1502548080.0682423114776611328125;35328.0
1502548080.068462371826171875;31744.0
1502548080.08924102783203125;50176.0
1502548080.1150348186492919921875;22528.0
1502548080.1314525604248046875;26368.0
1502548080.136018276214599609375;23040.0
1502548080.2894954681396484375;46080.0
1502548080.2908742427825927734375;25600.0
1502548080.3650338649749755859375;50944.0
1502548080.3833496570587158203125;50688.0
1502548080.40192413330078125;35584.0
1502548080.486066341400146484375;52736.0
1502548080.5472557544708251953125;35840.0
1502548080.5659506320953369140625;308224.0
1502548080.5664713382720947265625;56320.0
1502548080.57160282135009765625;35328.0
1502548080.6187636852264404296875;224512.0
1502548080.638608455657958984375;22784.0
1502548080.6529839038848876953125;26880.0
1502548080.663805484771728515625;27904.0
1502548080.6941926479339599609375;50944.0
1502548080.6946971416473388671875;87552.0
1502548080.6959664821624755859375;24576.0
1502548080.70780658721923828125;71936.0
1502548080.79915523529052734375;69888.0
1502548080.8248937129974365234375;87552.0
1502548080.8650472164154052734375;46848.0
1502548080.913936138153076171875;28672.0
1502548080.92470264434814453125;81408.0
1502548080.9417574405670166015625;51456.0
1502548080.9657156467437744140625;89344.0
1502548081.01949405670166015625;35328.0
1502548081.065141201019287109375;32256.0
1502548081.167572498321533203125;51456.0
1502548081.2613012790679931640625;392448.0
1502548081.3387229442596435546875;39424.0
1502548081.338947772979736328125;70656.0
1502548081.3546693325042724609375;166400.0
1502548081.390716552734375;70144.0
1502548081.4466416835784912109375;51712.0
1502548081.4518444538116455078125;45824.0
1502548081.454370975494384765625;33792.0
1502548081.4720280170440673828125;467200.0
1502548081.53844165802001953125;26624.0
1502548081.54067230224609375;29952.0
1502548081.628653049468994140625;31744.0
1502548081.6379897594451904296875;66304.0
1502548081.67534351348876953125;26880.0
1502548081.7179934978485107421875;104704.0
1502548081.722325801849365234375;31232.0
1502548081.7296783924102783203125;17920.0
1502548081.7513606548309326171875;28672.0
1502548081.843281269073486328125;34304.0
1502548081.88895130157470703125;24832.0
1502548081.9805462360382080078125;49408.0
1502548082.0320537090301513671875;59904.0
1502548082.0468027591705322265625;21504.0
1502548082.07181262969970703125;30208.0
1502548082.072556018829345703125;25856.0
1502548082.0859472751617431640625;48896.0
1502548082.0961253643035888671875;85504.0
1502548082.103461742401123046875;36864.0
1502548082.1679155826568603515625;32256.0
1502548082.1714115142822265625;68096.0
1502548082.2654302120208740234375;93440.0
1502548082.2685489654541015625;55040.0
1502548082.28140163421630859375;30976.0
1502548082.4797513484954833984375;20736.0
1502548082.5134961605072021484375;73728.0
1502548082.61867427825927734375;26112.0
1502548082.7140979766845703125;54016.0
1502548082.7440187931060791015625;38400.0
1502548082.7913444042205810546875;49152.0
1502548082.837385654449462890625;40960.0
1502548082.9139044284820556640625;20480.0
1502548082.9907829761505126953125;32256.0
1502548083.021106719970703125;36096.0
1502548083.04825115203857421875;48896.0
1502548083.04836940765380859375;34048.0
1502548083.129411220550537109375;19200.0
1502548083.159976482391357421875;21760.0
1502548083.2525985240936279296875;51712.0
1502548083.3008670806884765625;129536.0
1502548083.301579952239990234375;40960.0
1502548083.311206817626953125;33536.0
1502548083.3124692440032958984375;29696.0
1502548083.3248670101165771484375;34816.0
1502548083.35517120361328125;26368.0
1502548083.416766643524169921875;27136.0
1502548083.429320812225341796875;36352.0
1502548083.444988727569580078125;29440.0
1502548083.446193218231201171875;28416.0
1502548083.4550855159759521484375;27136.0
1502548083.498004913330078125;79616.0
1502548083.51508235931396484375;27392.0
1502548083.528272151947021484375;25600.0
1502548083.5352008342742919921875;26112.0
1502548083.5482203960418701171875;34304.0
1502548083.5502450466156005859375;44032.0
1502548083.5650103092193603515625;37120.0
1502548083.575749874114990234375;37120.0
1502548083.5876281261444091796875;27904.0
1502548083.5887930393218994140625;37120.0
1502548083.6357555389404296875;46592.0
1502548083.6854951381683349609375;42496.0
1502548083.699466705322265625;50944.0
1502548083.7474796772003173828125;38656.0
1502548083.74857330322265625;23040.0
1502548083.7654373645782470703125;25600.0
1502548083.765529632568359375;20480.0
1502548083.815761089324951171875;26368.0
1502548083.8318893909454345703125;49920.0
1502548083.8608233928680419921875;83456.0
1502548083.8646030426025390625;37120.0
1502548083.87698459625244140625;37376.0
1502548083.8894746303558349609375;36864.0
1502548083.905469417572021484375;34816.0
1502548083.944665431976318359375;27136.0
1502548083.955686092376708984375;28928.0
1502548083.964632511138916015625;37120.0
1502548084.0045363903045654296875;34816.0
1502548084.0389556884765625;21504.0
1502548084.09496784210205078125;52480.0
1502548084.1081583499908447265625;51712.0
1502548084.16916751861572265625;36352.0
1502548084.179446697235107421875;41472.0
1502548084.180653095245361328125;27136.0
1502548084.2475740909576416015625;44544.0
1502548084.2653219699859619140625;39936.0
1502548084.2727348804473876953125;37888.0
1502548084.2797057628631591796875;35328.0
1502548084.2963111400604248046875;37376.0
1502548084.360283374786376953125;33792.0
1502548084.3839962482452392578125;37888.0
1502548084.39864826202392578125;26368.0
1502548084.4112384319305419921875;35584.0
1502548084.471528530120849609375;28928.0
1502548084.5266067981719970703125;37632.0
1502548084.5562381744384765625;51456.0
1502548084.5802061557769775390625;30976.0
1502548084.5873386859893798828125;20224.0
1502548084.626214504241943359375;161280.0
1502548084.6499660015106201171875;122112.0
1502548084.719516277313232421875;49920.0
1502548084.7314527034759521484375;50688.0
1502548084.7354414463043212890625;24832.0
1502548084.7729141712188720703125;39424.0
1502548084.8051111698150634765625;35072.0
1502548084.8325169086456298828125;78080.0
1502548084.86463165283203125;50688.0
1502548084.8910338878631591796875;26368.0
1502548084.9034163951873779296875;49664.0
1502548084.920182704925537109375;49408.0
1502548084.9301059246063232421875;95488.0
1502548084.935965061187744140625;35584.0
1502548084.9618928432464599609375;44032.0
1502548084.9625856876373291015625;19968.0
1502548085.0413782596588134765625;52992.0
1502548085.0421264171600341796875;49408.0
1502548085.055327892303466796875;37888.0
1502548085.0716893672943115234375;50432.0
1502548085.083576202392578125;34560.0
1502548085.10761356353759765625;39424.0
1502548085.1396257877349853515625;42240.0
1502548085.1593859195709228515625;39680.0
1502548085.1672923564910888671875;24576.0
1502548085.177943706512451171875;36864.0
1502548085.18017864227294921875;47104.0
1502548085.1814653873443603515625;32768.0
1502548085.2158463001251220703125;36352.0
1502548085.235658168792724609375;40192.0
1502548085.2722852230072021484375;29184.0
1502548085.29436397552490234375;32256.0
1502548085.307598114013671875;36096.0
1502548085.3126246929168701171875;36096.0
1502548085.408901691436767578125;36608.0
1502548085.4651143550872802734375;51456.0
1502548085.5399844646453857421875;66048.0
1502548085.5402867794036865234375;92928.0
1502548085.584148883819580078125;50944.0
1502548085.60890960693359375;35328.0
1502548085.7179877758026123046875;84224.0
1502548085.7402775287628173828125;35840.0
1502548085.826726436614990234375;35328.0
1502548085.9629304409027099609375;49152.0
1502548086.036907196044921875;52224.0
1502548086.066645145416259765625;80128.0
1502548086.107858180999755859375;50944.0
1502548086.178105831146240234375;50176.0
1502548086.2250397205352783203125;50432.0
1502548086.2483260631561279296875;53248.0
1502548086.25545215606689453125;188672.0
1502548086.255960941314697265625;40704.0
1502548086.379490375518798828125;36608.0
1502548086.47368907928466796875;36352.0
1502548086.4756705760955810546875;32768.0
1502548086.4884490966796875;29696.0
1502548086.6000411510467529296875;26624.0
1502548086.613958835601806640625;26368.0
1502548086.61997127532958984375;35072.0
1502548086.6246912479400634765625;26624.0
1502548086.6352150440216064453125;33280.0
1502548086.635329723358154296875;18944.0
1502548086.645156383514404296875;50176.0
1502548086.672721385955810546875;51200.0
1502548086.7313024997711181640625;50176.0
1502548086.74350070953369140625;29952.0
1502548086.844137668609619140625;50688.0
1502548086.879300594329833984375;72448.0
1502548086.8913633823394775390625;21504.0
1502548086.8914663791656494140625;15872.0
1502548086.902253627777099609375;33024.0
1502548086.9398319721221923828125;27648.0
1502548086.94183444976806640625;27648.0
1502548086.9521234035491943359375;36864.0
1502548086.9849102497100830078125;55040.0
1502548087.048245906829833984375;32256.0
1502548087.05556964874267578125;32256.0
1502548087.0971205234527587890625;54272.0
1502548087.0972301959991455078125;38144.0
1502548087.1066257953643798828125;58624.0
1502548087.2203695774078369140625;36864.0
1502548087.2358453273773193359375;29440.0
1502548087.2434532642364501953125;20992.0
1502548087.3705151081085205078125;49920.0
1502548087.3766424655914306640625;35584.0
1502548087.381504535675048828125;36864.0
1502548087.48332500457763671875;49152.0
1502548087.485307216644287109375;27136.0
1502548087.48538684844970703125;24064.0
1502548087.6336841583251953125;22016.0
1502548087.6866395473480224609375;52480.0
1502548087.736537933349609375;21504.0
1502548087.744923114776611328125;113152.0
1502548087.7608101367950439453125;43008.0
1502548087.8083374500274658203125;35072.0
1502548087.8489170074462890625;36608.0
1502548087.8804461956024169921875;50688.0
1502548087.905185699462890625;24576.0
1502548087.9332616329193115234375;36096.0
1502548087.948878765106201171875;112896.0
1502548087.9916927814483642578125;35584.0
1502548088.0032045841217041015625;36352.0
1502548088.0044004917144775390625;81408.0
1502548088.0462493896484375;36608.0
1502548088.087426662445068359375;202752.0
1502548088.1076805591583251953125;58624.0
1502548088.1145360469818115234375;27904.0
1502548088.1790637969970703125;27136.0
1502548088.2244904041290283203125;35840.0
1502548088.275713443756103515625;40192.0
1502548088.31227397918701171875;38144.0
1502548088.3192942142486572265625;24064.0
1502548088.3920481204986572265625;34560.0
1502548088.46793651580810546875;26880.0
1502548088.524326801300048828125;36096.0
1502548088.5831491947174072265625;36352.0
1502548088.5938169956207275390625;63488.0
1502548088.615326404571533203125;26624.0
1502548088.6854999065399169921875;50688.0
1502548088.8229606151580810546875;87296.0
1502548088.900861263275146484375;87552.0
1502548088.94538116455078125;67072.0
1502548089.008699893951416015625;84736.0
1502548089.02999973297119140625;149760.0
1502548089.050480365753173828125;60160.0
1502548089.1035583019256591796875;66816.0
1502548089.13779926300048828125;68096.0
1502548089.1755115985870361328125;26624.0
1502548089.2088763713836669921875;38144.0
1502548089.219870090484619140625;65792.0
1502548089.2849538326263427734375;88320.0
1502548089.3083050251007080078125;129024.0
1502548089.3602869510650634765625;69632.0
1502548089.4272677898406982421875;41472.0
1502548089.4553325176239013671875;52992.0
1502548089.5749905109405517578125;34048.0
1502548089.6218369007110595703125;113920.0
1502548089.6676232814788818359375;35840.0
1502548089.7000911235809326171875;52224.0
1502548089.7386534214019775390625;32768.0
1502548089.786949634552001953125;64000.0
1502548089.808873653411865234375;69888.0
1502548089.8262155055999755859375;34304.0
1502548089.84001064300537109375;22784.0
1502548089.8665902614593505859375;34304.0
1502548089.87366485595703125;49920.0
1502548089.9673097133636474609375;50176.0
1502548090.14337062835693359375;27648.0
1502548090.15915203094482421875;32768.0
1502548090.186297893524169921875;28160.0
1502548090.2832143306732177734375;26624.0
1502548090.2848651409149169921875;45056.0
1502548090.315567493438720703125;26624.0
1502548090.3203313350677490234375;18176.0
1502548090.395571231842041015625;20992.0
1502548090.410817623138427734375;30720.0
1502548090.421337604522705078125;36608.0
1502548090.5178854465484619140625;27904.0
1502548090.517944812774658203125;22528.0
1502548090.582952022552490234375;26368.0
1502548090.632265567779541015625;39168.0
1502548090.70039081573486328125;22784.0
1502548090.7353546619415283203125;18176.0
1502548090.7553863525390625;30464.0
1502548090.8080348968505859375;68864.0
1502548090.8230125904083251953125;34048.0
1502548090.824559688568115234375;30208.0
1502548090.83858013153076171875;39680.0
1502548090.8448483943939208984375;26112.0
1502548090.8478329181671142578125;41472.0
1502548090.8485267162322998046875;30464.0
1502548090.90159511566162109375;47616.0
1502548090.9219868183135986328125;111360.0
1502548090.9658906459808349609375;28416.0
1502548091.0160572528839111328125;35840.0
1502548091.01972675323486328125;35072.0
1502548091.03547000885009765625;39424.0
1502548091.1491963863372802734375;26112.0
1502548091.1563556194305419921875;54272.0
1502548091.36754131317138671875;36352.0
1502548091.394141674041748046875;33792.0
1502548091.4160289764404296875;36096.0
1502548091.4437844753265380859375;50688.0
1502548091.44781494140625;33536.0
1502548091.473992824554443359375;138240.0
1502548091.4824917316436767578125;53248.0
1502548091.59905719757080078125;31488.0
1502548091.6077311038970947265625;50176.0
1502548091.6126844882965087890625;69632.0
1502548091.61486721038818359375;33536.0
1502548091.6699898242950439453125;159744.0
1502548091.71431255340576171875;49664.0
1502548091.739253997802734375;37376.0
1502548091.816289424896240234375;50432.0
1502548091.859217166900634765625;19968.0
1502548091.880553722381591796875;30208.0
1502548091.91599369049072265625;27904.0
1502548091.93800449371337890625;58368.0
1502548092.055231571197509765625;37120.0
1502548092.1042735576629638671875;53248.0
1502548092.1052744388580322265625;27648.0
1502548092.1403348445892333984375;50432.0
1502548092.1851408481597900390625;50688.0
1502548092.207450389862060546875;40704.0
1502548092.2202036380767822265625;50688.0
1502548092.233570098876953125;50944.0
1502548092.301364421844482421875;46080.0
1502548092.302346706390380859375;35072.0
1502548092.347666263580322265625;71424.0
1502548092.3600704669952392578125;50176.0
1502548092.3763616085052490234375;37632.0
1502548092.3931725025177001953125;55552.0
1502548092.41538906097412109375;26880.0
1502548092.4604008197784423828125;48896.0
1502548092.4920876026153564453125;34816.0
1502548092.4931967258453369140625;24320.0
1502548092.5149581432342529296875;71680.0
1502548092.5161726474761962890625;33280.0
1502548092.537079334259033203125;36864.0
1502548092.573424816131591796875;33024.0
1502548092.6224238872528076171875;68864.0
1502548092.6803858280181884765625;98048.0
1502548092.6875412464141845703125;29184.0
1502548092.75058841705322265625;59648.0
1502548092.7807486057281494140625;32256.0
1502548092.7874858379364013671875;47616.0
1502548092.813833713531494140625;34816.0
1502548092.8234615325927734375;27136.0
1502548092.8274471759796142578125;31744.0
1502548092.8848688602447509765625;36864.0
1502548092.9956166744232177734375;34304.0
1502548093.0497894287109375;49152.0
1502548093.07534503936767578125;82432.0
1502548093.079402446746826171875;25856.0
1502548093.085540771484375;58880.0
1502548093.1478850841522216796875;60416.0
1502548093.170639514923095703125;73216.0
1502548093.179412364959716796875;28928.0
1502548093.2070081233978271484375;35584.0
1502548093.223894596099853515625;35840.0
1502548093.3307502269744873046875;84736.0
1502548093.4235363006591796875;49664.0
1502548093.4998004436492919921875;25600.0
1502548093.5018100738525390625;20992.0
1502548093.516655445098876953125;25344.0
1502548093.5353395938873291015625;76032.0
1502548093.5479786396026611328125;64000.0
1502548093.57982349395751953125;51712.0
1502548093.586814403533935546875;30464.0
1502548093.6578881740570068359375;316416.0
1502548093.680460453033447265625;171776.0
1502548093.6831271648406982421875;35072.0
1502548093.724539279937744140625;64512.0
1502548093.7245876789093017578125;48384.0
1502548093.7656383514404296875;29184.0
1502548093.7914774417877197265625;49408.0
1502548093.855986118316650390625;38144.0
1502548093.8858954906463623046875;70656.0
1502548093.9007403850555419921875;86272.0
1502548093.93752288818359375;68608.0
1502548093.939247608184814453125;62976.0
1502548093.968300342559814453125;89600.0
1502548093.9693062305450439453125;36608.0
1502548094.0199754238128662109375;58368.0
1502548094.0237119197845458984375;30720.0
1502548094.083827972412109375;35840.0
1502548094.096827030181884765625;86528.0
1502548094.12117290496826171875;44032.0
1502548094.1480457782745361328125;66816.0
1502548094.17259979248046875;70144.0
1502548094.192924022674560546875;61184.0
1502548094.1946465969085693359375;19456.0
1502548094.31487560272216796875;51712.0
1502548094.3234159946441650390625;49920.0
1502548094.3664786815643310546875;35072.0
1502548094.371061801910400390625;130048.0
1502548094.4118480682373046875;49152.0
1502548094.503038883209228515625;25088.0
1502548094.523754596710205078125;26624.0
1502548094.539856433868408203125;35840.0
1502548094.5871622562408447265625;31232.0
1502548094.6010987758636474609375;20736.0
1502548094.62790966033935546875;49920.0
1502548094.672163486480712890625;36352.0
1502548094.8287923336029052734375;35840.0
1502548094.884114742279052734375;35328.0
1502548094.8875629901885986328125;27392.0
1502548094.8999555110931396484375;36096.0
1502548094.9331619739532470703125;76544.0
1502548094.9928648471832275390625;49664.0
1502548095.0197880268096923828125;292864.0
1502548095.0201590061187744140625;31744.0
1502548095.0190660953521728515625;2077952.0
1502548095.0691144466400146484375;266752.0
1502548095.0844628810882568359375;64768.0
1502548095.09978008270263671875;50944.0
1502548095.1158945560455322265625;30976.0
1502548095.11727142333984375;18944.0
1502548095.118699550628662109375;19200.0
1502548095.16586780548095703125;64512.0
1502548095.166680812835693359375;69120.0
1502548095.230096340179443359375;31232.0
1502548095.2471654415130615234375;34048.0
1502548095.252086162567138671875;27136.0
1502548095.2643620967864990234375;92416.0
1502548095.2795994281768798828125;27904.0
1502548095.3047373294830322265625;43264.0
1502548095.3048408031463623046875;43520.0
1502548095.335921764373779296875;156928.0
1502548095.4137160778045654296875;34304.0
1502548095.415278911590576171875;21760.0
1502548095.423477649688720703125;35840.0
1502548095.50418853759765625;33024.0
1502548095.529517650604248046875;34048.0
1502548095.6140854358673095703125;28928.0
1502548095.63975238800048828125;90112.0
1502548095.671847820281982421875;26112.0
1502548095.7016370296478271484375;27392.0
1502548095.74856281280517578125;51968.0
1502548095.7637889385223388671875;49664.0
1502548095.8161571025848388671875;50432.0
1502548095.8557579517364501953125;36608.0
1502548095.9414570331573486328125;50944.0
1502548095.9687631130218505859375;36864.0
1502548096.0084435939788818359375;37632.0
1502548096.164496898651123046875;24064.0
1502548096.183423519134521484375;35072.0
1502548096.19359302520751953125;36352.0
1502548096.2145507335662841796875;80640.0
1502548096.215404987335205078125;33536.0
1502548096.2412798404693603515625;33536.0
1502548096.262564182281494140625;22272.0
1502548096.2997682094573974609375;25600.0
1502548096.367204189300537109375;20480.0
1502548096.4798495769500732421875;78336.0
1502548096.545088291168212890625;77312.0
1502548096.5838489532470703125;37120.0
1502548096.60554409027099609375;92160.0
1502548096.6428883075714111328125;20736.0
1502548096.700273036956787109375;69120.0
1502548096.730806827545166015625;68864.0
1502548096.7408611774444580078125;62976.0
1502548096.8156540393829345703125;68352.0
1502548096.824004650115966796875;26112.0
1502548096.82592296600341796875;202496.0
1502548096.839574337005615234375;28416.0
1502548096.8483655452728271484375;91648.0
1502548096.8657124042510986328125;35840.0
1502548096.8673694133758544921875;56320.0
1502548096.931803226470947265625;69376.0
1502548097.0459926128387451171875;92416.0
1502548097.0554153919219970703125;48128.0
1502548097.0582981109619140625;90112.0
1502548097.08066558837890625;87296.0
1502548097.1338546276092529296875;57600.0
1502548097.1487877368927001953125;25856.0
1502548097.1553132534027099609375;68864.0
1502548097.20824146270751953125;44544.0
1502548097.221804141998291015625;35840.0
1502548097.2297151088714599609375;54272.0
1502548097.2719209194183349609375;72960.0
1502548097.284830570220947265625;51712.0
1502548097.416222095489501953125;49920.0
1502548097.560161113739013671875;49664.0
1502548097.58369731903076171875;37888.0
1502548097.5871489048004150390625;36352.0
1502548097.5871794223785400390625;45056.0
1502548097.5981009006500244140625;27392.0
1502548097.632191181182861328125;206592.0
1502548097.6333653926849365234375;62720.0
1502548097.64259624481201171875;36608.0
1502548097.6763846874237060546875;199680.0
1502548097.7554538249969482421875;27904.0
1502548097.7570953369140625;97536.0
1502548097.7961561679840087890625;27648.0
1502548097.8503284454345703125;40192.0
1502548097.8609731197357177734375;50176.0
1502548097.8793532848358154296875;28160.0
1502548098.051746845245361328125;81152.0
1502548098.1111848354339599609375;51200.0
1502548098.128382205963134765625;37120.0
1502548098.1742780208587646484375;50432.0
1502548098.1879742145538330078125;49408.0
1502548098.2212903499603271484375;50944.0
1502548098.221435070037841796875;65792.0
1502548098.2328784465789794921875;57344.0
1502548098.253489017486572265625;35584.0
1502548098.2608387470245361328125;35840.0
1502548098.3256740570068359375;86784.0
1502548098.3816378116607666015625;49664.0
1502548098.3924190998077392578125;50944.0
1502548098.4013669490814208984375;27904.0
1502548098.4229919910430908203125;36096.0
1502548098.4242284297943115234375;32000.0
1502548098.4267852306365966796875;33280.0
1502548098.5000131130218505859375;66816.0
1502548098.50375270843505859375;33280.0
1502548098.5038471221923828125;21504.0
1502548098.5245304107666015625;36608.0
1502548098.56363677978515625;27904.0
1502548098.6368083953857421875;25856.0
1502548098.7038071155548095703125;36608.0
1502548098.7114150524139404296875;50432.0
1502548098.7275073528289794921875;50432.0
1502548098.8096520900726318359375;50944.0
1502548098.88370418548583984375;41472.0
1502548098.9005749225616455078125;50176.0
1502548098.9007484912872314453125;53504.0
1502548098.992363452911376953125;37120.0
1502548098.996067523956298828125;36352.0
1502548099.0153114795684814453125;36864.0
1502548099.0602874755859375;50176.0
1502548099.1248767375946044921875;102912.0
1502548099.166912555694580078125;49664.0
1502548099.228070735931396484375;50432.0
1502548099.2948315143585205078125;38400.0
1502548099.3276054859161376953125;26880.0
1502548099.33941555023193359375;36864.0
1502548099.45187282562255859375;34560.0
1502548099.469972133636474609375;102656.0
1502548099.5563061237335205078125;61952.0
1502548099.612067699432373046875;50432.0
1502548099.620269298553466796875;50432.0
1502548099.664119243621826171875;38144.0
1502548099.767573833465576171875;26112.0
1502548099.771168231964111328125;21504.0
1502548099.8362729549407958984375;51200.0
1502548099.8725802898406982421875;37888.0
1502548099.8748471736907958984375;34304.0
1502548099.890623569488525390625;34816.0
1502548099.98370456695556640625;50176.0
1502548099.9838669300079345703125;34048.0
1502548100.0707948207855224609375;99072.0
1502548100.08143520355224609375;29952.0
1502548100.081579685211181640625;20224.0
1502548100.089366912841796875;324864.0
1502548100.0994775295257568359375;27392.0
1502548100.18134021759033203125;35328.0
1502548100.212192058563232421875;50432.0
1502548100.2726981639862060546875;67072.0
1502548100.2924816608428955078125;70144.0
1502548100.3287241458892822265625;88320.0
1502548100.3565347194671630859375;80384.0
1502548100.3639085292816162109375;46336.0
1502548100.4198448657989501953125;68096.0
1502548100.443272113800048828125;51712.0
1502548100.4642040729522705078125;33536.0
1502548100.4713726043701171875;40448.0
1502548100.571697711944580078125;63488.0
1502548100.6639120578765869140625;19456.0
1502548100.676751613616943359375;53248.0
1502548100.683341503143310546875;50944.0
1502548100.7360553741455078125;90624.0
1502548100.738043308258056640625;70912.0
1502548100.75862598419189453125;23808.0
1502548100.7993757724761962890625;26880.0
1502548100.8050441741943359375;33280.0
1502548100.8370797634124755859375;71168.0
1502548100.9196708202362060546875;52992.0
1502548100.94268035888671875;73728.0
1502548100.9452044963836669921875;27392.0
1502548101.0093228816986083984375;28928.0
1502548101.1487104892730712890625;34304.0
1502548101.181312084197998046875;65280.0
1502548101.2075841426849365234375;31488.0
1502548101.2158434391021728515625;26368.0
1502548101.237075328826904296875;36352.0
1502548101.2998702526092529296875;61440.0
1502548101.3160247802734375;36864.0
1502548101.38348484039306640625;27648.0
1502548101.388087749481201171875;28160.0
1502548101.388519287109375;224768.0
1502548101.4311964511871337890625;35072.0
1502548101.4653213024139404296875;18176.0
1502548101.4667990207672119140625;37632.0
1502548101.5009634494781494140625;25344.0
1502548101.522469043731689453125;36096.0
1502548101.5427417755126953125;28160.0
1502548101.57956695556640625;29184.0
1502548101.59323024749755859375;28928.0
1502548101.64600467681884765625;50432.0
1502548101.7156765460968017578125;26368.0
1502548101.7342789173126220703125;36864.0
1502548101.7379930019378662109375;109312.0
1502548101.7643916606903076171875;49664.0
1502548101.7971112728118896484375;27904.0
1502548101.862958431243896484375;27648.0
1502548101.90414714813232421875;50432.0
1502548101.9278995990753173828125;45824.0
1502548101.928004741668701171875;37120.0
1502548102.0294132232666015625;91136.0
1502548102.03218936920166015625;65280.0
1502548102.0326759815216064453125;46336.0
1502548102.100018024444580078125;213248.0
1502548102.1089413166046142578125;35072.0
1502548102.1104061603546142578125;47616.0
1502548102.116266727447509765625;33536.0
1502548102.1358335018157958984375;69888.0
1502548102.161222934722900390625;42496.0
1502548102.2713286876678466796875;188672.0
1502548102.3671152591705322265625;29696.0
1502548102.3874213695526123046875;27392.0
1502548102.4131648540496826171875;69120.0
1502548102.4256594181060791015625;39680.0
1502548102.490787506103515625;50944.0
1502548102.53286838531494140625;69376.0
1502548102.545431613922119140625;36608.0
1502548102.5877649784088134765625;36608.0
1502548102.5905835628509521484375;23296.0
1502548102.615545749664306640625;36864.0
1502548102.63021945953369140625;76800.0
1502548102.648489475250244140625;56832.0
1502548102.6634557247161865234375;44032.0
1502548102.6838970184326171875;55552.0
1502548102.7045900821685791015625;60416.0
1502548102.71955585479736328125;64512.0
1502548102.7837264537811279296875;38400.0
1502548102.7891924381256103515625;60416.0
1502548102.79041957855224609375;32256.0
1502548102.820612430572509765625;56576.0
1502548102.8309290409088134765625;31232.0
1502548102.90188121795654296875;50944.0
1502548102.969278812408447265625;90112.0
1502548102.981152057647705078125;50176.0
1502548102.9838845729827880859375;34816.0
1502548103.0920755863189697265625;86016.0
1502548103.0995635986328125;48640.0
1502548103.099670886993408203125;24320.0
1502548103.15008068084716796875;36864.0
1502548103.170533657073974609375;33024.0
1502548103.2882382869720458984375;303360.0
1502548103.33931446075439453125;50432.0
1502548103.3527443408966064453125;68864.0
1502548103.3728122711181640625;89856.0
1502548103.3973596096038818359375;85760.0
1502548103.4198005199432373046875;70144.0
1502548103.5658893585205078125;68608.0
1502548103.6452662944793701171875;67072.0
1502548103.657037258148193359375;50432.0
1502548103.726509571075439453125;50944.0
1502548103.75942325592041015625;85760.0
1502548103.7728493213653564453125;37120.0
1502548103.8076088428497314453125;36096.0
1502548103.90065670013427734375;89856.0
1502548103.9167640209197998046875;48640.0
1502548103.9641592502593994140625;49920.0
1502548103.9853332042694091796875;81408.0
1502548103.9927666187286376953125;87040.0
1502548104.01584339141845703125;85504.0
1502548104.0241892337799072265625;50432.0
1502548104.077497005462646484375;117504.0
1502548104.1057536602020263671875;35840.0
1502548104.123096942901611328125;35328.0
1502548104.13244724273681640625;27136.0
1502548104.1381561756134033203125;32768.0
1502548104.1516106128692626953125;26624.0
1502548104.1600286960601806640625;162560.0
1502548104.1675083637237548828125;33792.0
1502548104.18100452423095703125;37120.0
1502548104.2918412685394287109375;31488.0
1502548104.292680263519287109375;29440.0
1502548104.299635410308837890625;36352.0
1502548104.415458202362060546875;36608.0
1502548104.44858074188232421875;41472.0
1502548104.4594056606292724609375;35584.0
1502548104.472317218780517578125;28416.0
1502548104.5271871089935302734375;35072.0
1502548104.5372750759124755859375;35840.0
1502548104.5568459033966064453125;67584.0
1502548104.5637798309326171875;27648.0
1502548104.5868666172027587890625;29184.0
1502548104.6053121089935302734375;27136.0
1502548104.6436173915863037109375;26624.0
1502548104.6995475292205810546875;28928.0
1502548104.8195188045501708984375;37888.0
1502548104.8201701641082763671875;63488.0
1502548104.82733917236328125;26624.0
1502548104.8505842685699462890625;37888.0
1502548104.857427120208740234375;60672.0
1502548104.8635985851287841796875;84480.0
1502548104.8691537380218505859375;63488.0
1502548104.87066936492919921875;29696.0
1502548104.9562890529632568359375;73728.0
1502548105.0490438938140869140625;68352.0
1502548105.148686885833740234375;89088.0
1502548105.14910125732421875;118016.0
1502548105.150079250335693359375;24064.0
1502548105.1630954742431640625;27648.0
1502548105.182266712188720703125;60928.0
1502548105.247894763946533203125;49920.0
1502548105.2748510837554931640625;51456.0
1502548105.3133251667022705078125;50688.0
1502548105.38335418701171875;34304.0
1502548105.3858215808868408203125;41728.0
1502548105.4191610813140869140625;28160.0
1502548105.49670314788818359375;38912.0
1502548105.5830338001251220703125;33792.0
1502548105.6755015850067138671875;48640.0
1502548105.6755771636962890625;31488.0
1502548105.74953460693359375;49920.0
1502548105.7980468273162841796875;150528.0
1502548105.893531322479248046875;90112.0
1502548105.915974140167236328125;36608.0
1502548105.9325110912322998046875;52480.0
1502548106.0436508655548095703125;61184.0
1502548106.0482542514801025390625;65792.0
1502548106.0692350864410400390625;63232.0
1502548106.086481571197509765625;69376.0
1502548106.1645405292510986328125;111616.0
1502548106.21034145355224609375;72192.0
1502548106.2795326709747314453125;49920.0
1502548106.2970092296600341796875;89088.0
1502548106.3336861133575439453125;132864.0
1502548106.43206787109375;65024.0
1502548106.5009186267852783203125;110336.0
1502548106.5080492496490478515625;34304.0
1502548106.5212380886077880859375;86528.0
1502548106.5406682491302490234375;91392.0
1502548106.542821407318115234375;60416.0
1502548106.5469148159027099609375;67328.0
1502548106.5943944454193115234375;24576.0
1502548106.604461193084716796875;27392.0
1502548106.6966130733489990234375;73984.0
1502548106.7321994304656982421875;68864.0
1502548106.7488777637481689453125;32768.0
1502548106.764219760894775390625;52736.0
1502548106.853595733642578125;32256.0
1502548106.8704664707183837890625;153600.0
1502548106.9146709442138671875;55552.0
1502548106.9147264957427978515625;36864.0
1502548106.927339076995849609375;54528.0
1502548106.9701650142669677734375;30464.0
1502548107.087188720703125;28416.0
1502548107.1312649250030517578125;48896.0
1502548107.15649509429931640625;38144.0
1502548107.2318727970123291015625;37888.0
1502548107.239903926849365234375;51712.0
1502548107.336182117462158203125;50432.0
1502548107.3432705402374267578125;38656.0
1502548107.3566935062408447265625;35840.0
1502548107.3687069416046142578125;68352.0
1502548107.3732225894927978515625;29952.0
1502548107.4114701747894287109375;26624.0
1502548107.4600169658660888671875;40960.0
1502548107.46031951904296875;31488.0
1502548107.4883816242218017578125;32768.0
1502548107.5678484439849853515625;49408.0
1502548107.6107289791107177734375;25088.0
1502548107.74827861785888671875;46592.0
1502548107.7684438228607177734375;50944.0
1502548107.824299335479736328125;83456.0
1502548107.861132144927978515625;35072.0
1502548107.9139516353607177734375;38400.0
1502548107.9934203624725341796875;51968.0
1502548108.004363536834716796875;34304.0
1502548108.0094506740570068359375;29184.0
1502548108.023410320281982421875;57088.0
1502548108.04463291168212890625;26368.0
1502548108.0587122440338134765625;52480.0
1502548108.276255130767822265625;38144.0
1502548108.291969776153564453125;50688.0
1502548108.2929818630218505859375;35328.0
1502548108.3287470340728759765625;35328.0
1502548108.3803560733795166015625;52224.0
1502548108.516918659210205078125;19712.0
1502548108.5674803256988525390625;32256.0
1502548108.580056667327880859375;49920.0
1502548108.6307227611541748046875;27136.0
1502548108.6710288524627685546875;36096.0
1502548108.7291562557220458984375;53760.0
1502548108.7579200267791748046875;48896.0
1502548108.7602748870849609375;45568.0
1502548108.781702518463134765625;60416.0
1502548108.78859424591064453125;23040.0
1502548108.8674790859222412109375;36352.0
1502548108.9452426433563232421875;50432.0
1502548108.9653110504150390625;32256.0
1502548109.024332523345947265625;35072.0
1502548109.14289760589599609375;33536.0
1502548109.1637928485870361328125;26624.0
1502548109.175288677215576171875;51200.0
1502548109.2213399410247802734375;30208.0
1502548109.29296779632568359375;27648.0
1502548109.368152618408203125;37120.0
1502548109.396957874298095703125;37632.0
1502548109.491860866546630859375;52224.0
1502548109.5204474925994873046875;108800.0
1502548109.55768680572509765625;36864.0
1502548109.6003181934356689453125;42496.0
1502548109.60284519195556640625;33792.0
1502548109.6776192188262939453125;50944.0
1502548109.731941699981689453125;26880.0
1502548109.744119167327880859375;27136.0
1502548109.792710781097412109375;37376.0
1502548109.820683956146240234375;26880.0
1502548109.8273227214813232421875;56064.0
1502548109.8873674869537353515625;38656.0
1502548109.9438335895538330078125;28928.0
1502548109.951793670654296875;36352.0
1502548110.003348827362060546875;35840.0
1502548110.0224323272705078125;36608.0
1502548110.04094791412353515625;78592.0
1502548110.1082003116607666015625;36608.0
1502548110.26022815704345703125;20224.0
1502548110.2755215167999267578125;27392.0
1502548110.293661594390869140625;36608.0
1502548110.307808399200439453125;26880.0
1502548110.3243863582611083984375;37632.0
1502548110.3607919216156005859375;54528.0
1502548110.3916757106781005859375;50176.0
1502548110.401542186737060546875;25600.0
1502548110.4189875125885009765625;31488.0
1502548110.44091129302978515625;52736.0
1502548110.4526765346527099609375;39680.0
1502548110.53355503082275390625;28672.0
1502548110.6200101375579833984375;59648.0
1502548110.69202518463134765625;66816.0
1502548110.7190215587615966796875;68608.0
1502548110.7323443889617919921875;71936.0
1502548110.8118398189544677734375;96512.0
1502548110.8312041759490966796875;25088.0
1502548110.8318264484405517578125;62464.0
1502548110.83302021026611328125;23040.0
1502548110.860087871551513671875;79872.0
1502548110.8800756931304931640625;48896.0
1502548110.9039580821990966796875;86016.0
1502548110.92636013031005859375;61440.0
1502548110.9392111301422119140625;50176.0
1502548110.996673583984375;47872.0
1502548111.0776269435882568359375;76288.0
1502548111.07911777496337890625;64512.0
1502548111.092375278472900390625;37376.0
1502548111.12834262847900390625;51200.0
1502548111.1393153667449951171875;38912.0
1502548111.164294719696044921875;69120.0
1502548111.1762020587921142578125;36864.0
1502548111.2324202060699462890625;88320.0
1502548111.2463409900665283203125;46592.0
1502548111.2682406902313232421875;35584.0
1502548111.283123493194580078125;68608.0
1502548111.319300174713134765625;63232.0
1502548111.330844879150390625;27136.0
1502548111.352020740509033203125;35584.0
1502548111.38115978240966796875;63744.0
1502548111.40249347686767578125;36352.0
1502548111.4074327945709228515625;33792.0
1502548111.436857700347900390625;49664.0
1502548111.46804904937744140625;39680.0
1502548111.4841191768646240234375;92672.0
1502548111.52362346649169921875;66304.0
1502548111.5330278873443603515625;72192.0
1502548111.54644489288330078125;34560.0
1502548111.5764615535736083984375;68352.0
1502548111.7085731029510498046875;78848.0
1502548111.759868621826171875;37120.0
1502548111.8012750148773193359375;26880.0
1502548111.8235175609588623046875;51968.0
1502548111.83699512481689453125;117504.0
1502548111.8517153263092041015625;32000.0
1502548111.9510114192962646484375;28416.0
1502548112.035090923309326171875;23552.0
1502548112.0360138416290283203125;19968.0
1502548112.036331653594970703125;33280.0
1502548112.0393345355987548828125;24320.0
1502548112.081411838531494140625;91904.0
1502548112.1069452762603759765625;84224.0
1502548112.129208087921142578125;93184.0
1502548112.1410808563232421875;36096.0
1502548112.16431522369384765625;27648.0
1502548112.212223052978515625;50688.0
1502548112.355941295623779296875;55296.0
1502548112.408738613128662109375;87296.0
1502548112.443760395050048828125;88576.0
1502548112.513179779052734375;89344.0
1502548112.5132648944854736328125;113664.0
1502548112.5860443115234375;53760.0
1502548112.615610599517822265625;36608.0
1502548112.6304214000701904296875;65792.0
1502548112.656307220458984375;37376.0
1502548112.7128746509552001953125;50944.0
1502548112.807193756103515625;411904.0
1502548112.8520095348358154296875;68864.0
1502548112.8739426136016845703125;102656.0
1502548112.9055271148681640625;59392.0
1502548112.9200077056884765625;75776.0
1502548112.9394290447235107421875;200960.0
1502548112.9559729099273681640625;27904.0
1502548112.9939601421356201171875;108032.0
1502548113.0968797206878662109375;84992.0
1502548113.155478954315185546875;84480.0
1502548113.2548859119415283203125;84992.0
1502548113.2616713047027587890625;35584.0
1502548113.2739512920379638671875;148992.0
1502548113.4326875209808349609375;38912.0
1502548113.536954402923583984375;29696.0
1502548113.583160400390625;27904.0
1502548113.609461307525634765625;119808.0
1502548113.630926609039306640625;74496.0
1502548113.643955230712890625;57344.0
1502548113.680256366729736328125;70400.0
1502548113.688052654266357421875;79616.0
1502548113.6893837451934814453125;77312.0
1502548113.7213919162750244140625;27136.0
1502548113.771505832672119140625;37888.0
1502548113.8081624507904052734375;25344.0
1502548113.824190616607666015625;86784.0
1502548113.8267917633056640625;35840.0
1502548113.8362963199615478515625;67328.0
1502548113.864022731781005859375;36864.0
1502548114.0118377208709716796875;81152.0
1502548114.0207612514495849609375;86016.0
1502548114.0570099353790283203125;98048.0
1502548114.0707108974456787109375;159488.0
1502548114.1515429019927978515625;84480.0
1502548114.1556322574615478515625;177920.0
1502548114.161348819732666015625;99072.0
1502548114.1638796329498291015625;45824.0
1502548114.2159974575042724609375;51456.0
1502548114.2167718410491943359375;76032.0
1502548114.3358204364776611328125;87552.0
1502548114.337872982025146484375;57856.0
1502548114.387520313262939453125;79616.0
1502548114.424383640289306640625;67584.0
1502548114.4642832279205322265625;122624.0
1502548114.473454952239990234375;44288.0
1502548114.527531147003173828125;59904.0
1502548114.557844638824462890625;67584.0
1502548114.557880878448486328125;64256.0
1502548114.55935192108154296875;77056.0
1502548114.632682323455810546875;37632.0
1502548114.67981243133544921875;40704.0
1502548114.703598499298095703125;57600.0
1502548114.77965068817138671875;50176.0
1502548114.8672897815704345703125;37120.0
1502548114.88904285430908203125;84736.0
1502548114.938968658447265625;66304.0
1502548114.95519542694091796875;66816.0
1502548114.971758365631103515625;65792.0
1502548114.9754517078399658203125;35584.0
1502548115.00055980682373046875;68096.0
1502548115.04116916656494140625;27392.0
1502548115.0542986392974853515625;32256.0
1502548115.1101086139678955078125;28928.0
1502548115.116615772247314453125;37376.0
1502548115.1232202053070068359375;27904.0
1502548115.1355960369110107421875;26112.0
1502548115.143797397613525390625;35840.0
1502548115.1947305202484130859375;35840.0
1502548115.35422420501708984375;63232.0
1502548115.39244556427001953125;95232.0
1502548115.3938138484954833984375;40192.0
1502548115.40367221832275390625;109312.0
1502548115.409220218658447265625;84480.0
1502548115.43194675445556640625;67840.0
1502548115.5019161701202392578125;51712.0
1502548115.5233819484710693359375;48640.0
1502548115.5720384120941162109375;72704.0
1502548115.587188720703125;50432.0
1502548115.6478545665740966796875;88064.0
1502548115.7015540599822998046875;84736.0
1502548115.802638530731201171875;59392.0
1502548115.807287693023681640625;60672.0
1502548115.815891742706298828125;39424.0
1502548115.8893206119537353515625;68096.0
1502548115.903659820556640625;62208.0
1502548115.9549510478973388671875;35584.0
1502548116.0004775524139404296875;49664.0
1502548116.0413720607757568359375;68608.0
1502548116.050998687744140625;65536.0
1502548116.0558223724365234375;65280.0
1502548116.0684325695037841796875;85504.0
1502548116.075892925262451171875;65536.0
1502548116.10300445556640625;173824.0
1502548116.1035709381103515625;56576.0
1502548116.1158277988433837890625;68352.0
1502548116.2415001392364501953125;78592.0
1502548116.24826908111572265625;36864.0
1502548116.30148792266845703125;56576.0
1502548116.3183994293212890625;56576.0
1502548116.3238413333892822265625;42752.0
1502548116.36315631866455078125;71680.0
1502548116.402455806732177734375;88320.0
1502548116.427371501922607421875;65536.0
1502548116.5524551868438720703125;68096.0
1502548116.577986240386962890625;53504.0
1502548116.63961505889892578125;28160.0
1502548116.74071407318115234375;87040.0
1502548116.743090152740478515625;105984.0
1502548116.753292083740234375;70144.0
1502548116.778395175933837890625;70144.0
1502548116.8026316165924072265625;25088.0
1502548116.8325369358062744140625;49920.0
1502548116.8326470851898193359375;35840.0
1502548116.8563039302825927734375;118528.0
1502548116.9792687892913818359375;218368.0
1502548117.0237867832183837890625;65280.0
1502548117.0506513118743896484375;142336.0
1502548117.0981290340423583984375;101888.0
1502548117.1458837985992431640625;69120.0
1502548117.1801636219024658203125;42752.0
1502548117.20149135589599609375;84736.0
1502548117.2200505733489990234375;85760.0
1502548117.3510725498199462890625;32000.0
1502548117.38153362274169921875;84992.0
1502548117.3989775180816650390625;40448.0
1502548117.4363956451416015625;92160.0
1502548117.459607601165771484375;27392.0
1502548117.5026853084564208984375;36608.0
1502548117.5401566028594970703125;62208.0
1502548117.6042301654815673828125;47360.0
1502548117.64059543609619140625;51968.0
1502548117.67595577239990234375;56832.0
1502548117.6774065494537353515625;57600.0
1502548117.737120151519775390625;85248.0
1502548117.7644989490509033203125;40192.0
1502548117.788058757781982421875;85248.0
1502548117.7912509441375732421875;27392.0
1502548117.8395302295684814453125;40960.0
1502548117.857471466064453125;50176.0
1502548117.8872983455657958984375;26880.0
1502548117.8902804851531982421875;63488.0
1502548118.0281898975372314453125;34048.0
1502548118.030857086181640625;31744.0
1502548118.06369876861572265625;47104.0
1502548118.1371719837188720703125;49664.0
1502548118.19226551055908203125;37376.0
1502548118.218687534332275390625;36352.0
1502548118.264063358306884765625;92416.0
1502548118.3034303188323974609375;82432.0
1502548118.4309351444244384765625;89088.0
1502548118.5188410282135009765625;28672.0
1502548118.53700160980224609375;56832.0
1502548118.5883235931396484375;59392.0
1502548118.6393663883209228515625;135936.0
1502548118.73618316650390625;36864.0
1502548118.752201080322265625;34048.0
1502548118.780714511871337890625;36608.0
1502548118.7964017391204833984375;89088.0
1502548118.832144260406494140625;66304.0
1502548118.8371613025665283203125;32768.0
1502548118.8648755550384521484375;85248.0
1502548118.9219532012939453125;34304.0
1502548118.924104213714599609375;27392.0
1502548118.9419677257537841796875;35840.0
1502548119.02807521820068359375;85504.0
1502548119.1153447628021240234375;243200.0
1502548119.1229135990142822265625;32768.0
1502548119.20166492462158203125;48896.0
1502548119.2073743343353271484375;42752.0
1502548119.2234210968017578125;61696.0
1502548119.3031680583953857421875;87808.0
1502548119.320056915283203125;37120.0
1502548119.389705657958984375;49152.0
1502548119.4140760898590087890625;43776.0
1502548119.4444158077239990234375;49920.0
1502548119.4875385761260986328125;59392.0
1502548119.509312152862548828125;27136.0
1502548119.54015636444091796875;70144.0
1502548119.640154361724853515625;68352.0
