0;0.01;0.02;0.03;0.04;0.05;0.06;0.07;0.08;0.09;0.1;0.11;0.12;0.13;0.14;0.15;0.16;0.17;0.18;0.19;0.2;0.21;0.22;0.23;0.24;0.25;0.26;0.27;0.28;0.29;0.3;0.31;0.32;0.33;0.34;0.35;0.36;0.37;0.38;0.39;0.4;0.41;0.42;0.43;0.44;0.45;0.46;0.47;0.48;0.49;0.5;0.51;0.52;0.53;0.54;0.55;0.56;0.57;0.58;0.59;0.6;0.61;0.62;0.63;0.64;0.65;0.66;0.67;0.68;0.69;0.7;0.71;0.72;0.73;0.74;0.75;0.76;0.77;0.78;0.79;0.8;0.81;0.82;0.83;0.84;0.85;0.86;0.87;0.88;0.89;0.9;0.91;0.92;0.93;0.94;0.95;0.96;0.97;0.98;0.99;numberOfRessources;numberOfWorkloadClasses;varianceInflationFactor;utilizationArtihmeticMean;
0.83903746;0.79298808;0.74772763;0.7025874;0.65823386;0.61363037;0.56895992;0.52344937;0.47809144;0.43179116;0.3847992;0.33913052;0.30212185;0.27065399;0.2482678;0.2363827;0.23243987;0.233483;0.23809851;0.24684941;0.25869602;0.27338527;0.28905519;0.30526578;0.32146614;0.33638285;0.35036297;0.36326422;0.37508095;0.3870166;0.39882808;0.41004663;0.41869186;0.42654656;0.43327977;0.43925948;0.44456671;0.44839306;0.45131743;0.45320491;0.4547918;0.45637957;0.4579682;0.45955771;0.46089121;0.46174194;0.46238108;0.46271201;0.46304299;0.46337399;0.46370504;0.46403613;0.46436725;0.46469841;0.46502961;0.46536084;0.46569212;0.46602343;0.46635478;0.46657252;0.46657252;0.46657252;0.46657252;0.46657252;0.46657252;0.46657252;0.46657252;0.46657252;0.46657252;0.46657252;0.46657252;0.46657252;0.46657252;0.46657252;0.46657252;0.46657252;0.46657252;0.46657252;0.46657252;0.46657252;0.46657252;0.46657252;0.46657252;0.46657252;0.46657252;0.46657252;0.46657252;0.46657252;0.46657252;0.46657252;0.46657252;0.46657252;0.46657252;0.46657252;0.46657252;0.46657252;0.46657252;0.46657252;0.46657252;0.46657252;1;3;1.58898487;74.08775287;
0.63792749;0.57912327;0.5181915;0.45928463;0.40610314;0.35897474;0.31965167;0.29365924;0.27777999;0.27012799;0.26758218;0.27214058;0.28143665;0.29167056;0.30321715;0.31626512;0.32945468;0.34318586;0.35702244;0.37200519;0.3857569;0.39894941;0.41155608;0.42237015;0.43241705;0.44105387;0.44799592;0.45397438;0.45915755;0.46387426;0.46795271;0.47178225;0.47561705;0.47932519;0.48270195;0.48506987;0.48684048;0.48817669;0.48912182;0.48995931;0.4905682;0.49109963;0.49163117;0.49216281;0.49269454;0.49322638;0.49358581;0.49381692;0.49404805;0.4942792;0.49431133;0.49431133;0.49431133;0.49431133;0.49431133;0.49431133;0.49431133;0.49431133;0.49431133;0.49431133;0.49431133;0.49431133;0.49431133;0.49431133;0.49431133;0.49431133;0.49431133;0.49431133;0.49431133;0.49431133;0.49431133;0.49431133;0.49431133;0.49431133;0.49431133;0.49431133;0.49431133;0.49431133;0.49431133;0.49431133;0.49431133;0.49431133;0.49431133;0.49431133;0.49431133;0.49431133;0.49431133;0.49431133;0.49431133;0.49431133;0.49431133;0.49431133;0.49431133;0.49431133;0.49431133;0.49431133;0.49431133;0.49431133;0.49431133;0.49431133;1;3;1.32754962;73.73900862;
0.92454997;0.87222891;0.81789833;0.76134538;0.70232583;0.64055812;0.57571584;0.50741836;0.43641157;0.36415463;0.2942055;0.24171247;0.21135904;0.20400148;0.20589927;0.20883538;0.21050012;0.21133369;0.21171739;0.21179821;0.21179821;0.21179821;0.21179821;0.21179821;0.21179821;0.21179821;0.21179821;0.21179821;0.21179821;0.21179821;0.21179821;0.21179821;0.21179821;0.21179821;0.21179821;0.21179821;0.21179821;0.21179821;0.21179821;0.21179821;0.21179821;0.21179821;0.21179821;0.21179821;0.21179821;0.21179821;0.21179821;0.21179821;0.21179821;0.21179821;0.21179821;0.21179821;0.21179821;0.21179821;0.21179821;0.21179821;0.21179821;0.21179821;0.21179821;0.21179821;0.21179821;0.21179821;0.21179821;0.21179821;0.21179821;0.21179821;0.21179821;0.21179821;0.21179821;0.21179821;0.21179821;0.21179821;0.21179821;0.21179821;0.21179821;0.21179821;0.21179821;0.21179821;0.21179821;0.21179821;0.21179821;0.21179821;0.21179821;0.21179821;0.21179821;0.21179821;0.21179821;0.21179821;0.21179821;0.21179821;0.21179821;0.21179821;0.21179821;0.21179821;0.21179821;0.21179821;0.21179821;0.21179821;0.21179821;0.21179821;1;2;1.28542828;73.84662366;
0.90310263;0.84831078;0.79240817;0.73482936;0.67578402;0.61505763;0.55526881;0.49810493;0.44618761;0.39816507;0.35622202;0.32174979;0.29642443;0.27878387;0.26698002;0.26002471;0.25738434;0.25823337;0.26224162;0.2681133;0.27570639;0.2842265;0.29367654;0.30365111;0.31397385;0.32496722;0.33595346;0.34716277;0.35806815;0.36872494;0.37857368;0.38824008;0.39815571;0.40698174;0.41542349;0.42290648;0.42997918;0.43609372;0.4414587;0.44626622;0.44990254;0.45315006;0.45585044;0.45831551;0.46012309;0.4616667;0.46300673;0.46434882;0.46569159;0.46681767;0.46746328;0.46802279;0.46833987;0.46865698;0.46897413;0.46929132;0.46960854;0.4697969;0.4697969;0.4697969;0.4697969;0.4697969;0.4697969;0.4697969;0.4697969;0.4697969;0.4697969;0.4697969;0.4697969;0.4697969;0.4697969;0.4697969;0.4697969;0.4697969;0.4697969;0.4697969;0.4697969;0.4697969;0.4697969;0.4697969;0.4697969;0.4697969;0.4697969;0.4697969;0.4697969;0.4697969;0.4697969;0.4697969;0.4697969;0.4697969;0.4697969;0.4697969;0.4697969;0.4697969;0.4697969;0.4697969;0.4697969;0.4697969;0.4697969;0.4697969;1;3;1.69296165;74.14941954;
0.9487837;0.8928725;0.8354369;0.77669808;0.71701978;0.65762027;0.60165751;0.5524239;0.50908046;0.47011079;0.43474313;0.40802661;0.38806755;0.37313063;0.36250356;0.35551285;0.35232662;0.35032852;0.34889379;0.34860426;0.34860426;0.34860426;0.34860426;0.34860426;0.34860426;0.34860426;0.34860426;0.34860426;0.34860426;0.34860426;0.34860426;0.34860426;0.34860426;0.34860426;0.34860426;0.34860426;0.34860426;0.34860426;0.34860426;0.34860426;0.34860426;0.34860426;0.34860426;0.34860426;0.34860426;0.34860426;0.34860426;0.34860426;0.34860426;0.34860426;0.34860426;0.34860426;0.34860426;0.34860426;0.34860426;0.34860426;0.34860426;0.34860426;0.34860426;0.34860426;0.34860426;0.34860426;0.34860426;0.34860426;0.34860426;0.34860426;0.34860426;0.34860426;0.34860426;0.34860426;0.34860426;0.34860426;0.34860426;0.34860426;0.34860426;0.34860426;0.34860426;0.34860426;0.34860426;0.34860426;0.34860426;0.34860426;0.34860426;0.34860426;0.34860426;0.34860426;0.34860426;0.34860426;0.34860426;0.34860426;0.34860426;0.34860426;0.34860426;0.34860426;0.34860426;0.34860426;0.34860426;0.34860426;0.34860426;0.34860426;1;3;1.37590692;74.58217797;
0.82818823;0.77613375;0.72337302;0.67179449;0.6212504;0.57491404;0.5317762;0.4902623;0.45162356;0.41602154;0.38099139;0.34607255;0.31503881;0.28790538;0.26622322;0.25076449;0.24247418;0.24096484;0.24527859;0.25547434;0.26939395;0.28600426;0.30521086;0.32960637;0.35641135;0.3820838;0.40762585;0.43030403;0.4509274;0.46950372;0.48628151;0.50064097;0.51132406;0.51881873;0.52466203;0.52906276;0.53222609;0.53469893;0.53678575;0.53816422;0.53930605;0.54008238;0.54061958;0.54094639;0.54118823;0.54138235;0.54157655;0.54177084;0.54190049;0.54198393;0.54206738;0.54215085;0.54223433;0.54231783;0.54240135;0.54248488;0.54256843;0.54260881;0.54260881;0.54260881;0.54260881;0.54260881;0.54260881;0.54260881;0.54260881;0.54260881;0.54260881;0.54260881;0.54260881;0.54260881;0.54260881;0.54260881;0.54260881;0.54260881;0.54260881;0.54260881;0.54260881;0.54260881;0.54260881;0.54260881;0.54260881;0.54260881;0.54260881;0.54260881;0.54260881;0.54260881;0.54260881;0.54260881;0.54260881;0.54260881;0.54260881;0.54260881;0.54260881;0.54260881;0.54260881;0.54260881;0.54260881;0.54260881;0.54260881;0.54260881;1;3;1.43961189;73.57154762;
0.83609515;0.78558256;0.73461482;0.68473503;0.63835376;0.59521786;0.55537458;0.51887269;0.48433369;0.45127767;0.41913655;0.3869178;0.35631837;0.32886663;0.30596435;0.28631821;0.2697481;0.25630276;0.24875296;0.24894792;0.25695479;0.26990796;0.28745096;0.30817054;0.32894411;0.35049789;0.37276968;0.39518344;0.41670695;0.4373174;0.45592301;0.47319418;0.48853802;0.50095566;0.51176044;0.52146421;0.52977747;0.53671629;0.54346821;0.54842054;0.55268835;0.55583977;0.55788321;0.55938048;0.56028657;0.56077103;0.56118313;0.56151764;0.56180825;0.56201658;0.5621737;0.56227153;0.56230555;0.56230555;0.56230555;0.56230555;0.56230555;0.56230555;0.56230555;0.56230555;0.56230555;0.56230555;0.56230555;0.56230555;0.56230555;0.56230555;0.56230555;0.56230555;0.56230555;0.56230555;0.56230555;0.56230555;0.56230555;0.56230555;0.56230555;0.56230555;0.56230555;0.56230555;0.56230555;0.56230555;0.56230555;0.56230555;0.56230555;0.56230555;0.56230555;0.56230555;0.56230555;0.56230555;0.56230555;0.56230555;0.56230555;0.56230555;0.56230555;0.56230555;0.56230555;0.56230555;0.56230555;0.56230555;0.56230555;0.56230555;1;3;1.22887514;73.44515789;
0.91750794;0.8613509;0.80348965;0.744759;0.68498216;0.62567522;0.56676789;0.51591068;0.4712884;0.43544095;0.40727264;0.38603387;0.37286348;0.36444362;0.36087817;0.35862284;0.35744089;0.35707778;0.35707778;0.35707778;0.35707778;0.35707778;0.35707778;0.35707778;0.35707778;0.35707778;0.35707778;0.35707778;0.35707778;0.35707778;0.35707778;0.35707778;0.35707778;0.35707778;0.35707778;0.35707778;0.35707778;0.35707778;0.35707778;0.35707778;0.35707778;0.35707778;0.35707778;0.35707778;0.35707778;0.35707778;0.35707778;0.35707778;0.35707778;0.35707778;0.35707778;0.35707778;0.35707778;0.35707778;0.35707778;0.35707778;0.35707778;0.35707778;0.35707778;0.35707778;0.35707778;0.35707778;0.35707778;0.35707778;0.35707778;0.35707778;0.35707778;0.35707778;0.35707778;0.35707778;0.35707778;0.35707778;0.35707778;0.35707778;0.35707778;0.35707778;0.35707778;0.35707778;0.35707778;0.35707778;0.35707778;0.35707778;0.35707778;0.35707778;0.35707778;0.35707778;0.35707778;0.35707778;0.35707778;0.35707778;0.35707778;0.35707778;0.35707778;0.35707778;0.35707778;0.35707778;0.35707778;0.35707778;0.35707778;0.35707778;1;3;1.31099999;75.14922881;
0.88322376;0.8252498;0.76511524;0.70381078;0.64309595;0.58315117;0.52717223;0.48118701;0.4415412;0.40808156;0.38475552;0.36847626;0.35885646;0.35200414;0.34849545;0.3462187;0.3455956;0.34536102;0.34536102;0.34536102;0.34536102;0.34536102;0.34536102;0.34536102;0.34536102;0.34536102;0.34536102;0.34536102;0.34536102;0.34536102;0.34536102;0.34536102;0.34536102;0.34536102;0.34536102;0.34536102;0.34536102;0.34536102;0.34536102;0.34536102;0.34536102;0.34536102;0.34536102;0.34536102;0.34536102;0.34536102;0.34536102;0.34536102;0.34536102;0.34536102;0.34536102;0.34536102;0.34536102;0.34536102;0.34536102;0.34536102;0.34536102;0.34536102;0.34536102;0.34536102;0.34536102;0.34536102;0.34536102;0.34536102;0.34536102;0.34536102;0.34536102;0.34536102;0.34536102;0.34536102;0.34536102;0.34536102;0.34536102;0.34536102;0.34536102;0.34536102;0.34536102;0.34536102;0.34536102;0.34536102;0.34536102;0.34536102;0.34536102;0.34536102;0.34536102;0.34536102;0.34536102;0.34536102;0.34536102;0.34536102;0.34536102;0.34536102;0.34536102;0.34536102;0.34536102;0.34536102;0.34536102;0.34536102;0.34536102;0.34536102;1;3;1.2785001;74.44778161;
0.89770583;0.8350023;0.76909995;0.70054472;0.62999298;0.55936395;0.48741753;0.41897229;0.35916608;0.31227647;0.28237105;0.26277327;0.24874774;0.2402924;0.23494388;0.23211476;0.23085862;0.23016617;0.2299002;0.22973932;0.2296649;0.2296649;0.2296649;0.2296649;0.2296649;0.2296649;0.2296649;0.2296649;0.2296649;0.2296649;0.2296649;0.2296649;0.2296649;0.2296649;0.2296649;0.2296649;0.2296649;0.2296649;0.2296649;0.2296649;0.2296649;0.2296649;0.2296649;0.2296649;0.2296649;0.2296649;0.2296649;0.2296649;0.2296649;0.2296649;0.2296649;0.2296649;0.2296649;0.2296649;0.2296649;0.2296649;0.2296649;0.2296649;0.2296649;0.2296649;0.2296649;0.2296649;0.2296649;0.2296649;0.2296649;0.2296649;0.2296649;0.2296649;0.2296649;0.2296649;0.2296649;0.2296649;0.2296649;0.2296649;0.2296649;0.2296649;0.2296649;0.2296649;0.2296649;0.2296649;0.2296649;0.2296649;0.2296649;0.2296649;0.2296649;0.2296649;0.2296649;0.2296649;0.2296649;0.2296649;0.2296649;0.2296649;0.2296649;0.2296649;0.2296649;0.2296649;0.2296649;0.2296649;0.2296649;0.2296649;1;3;1.42194104;76.29968079;
0.85023695;0.7962222;0.73998699;0.68128953;0.61985135;0.55534997;0.48740979;0.41635344;0.344593;0.28123509;0.23512743;0.20783809;0.19637329;0.19350226;0.19483347;0.19661192;0.19723654;0.19759501;0.19776388;0.19784562;0.1978508;0.1978508;0.1978508;0.1978508;0.1978508;0.1978508;0.1978508;0.1978508;0.1978508;0.1978508;0.1978508;0.1978508;0.1978508;0.1978508;0.1978508;0.1978508;0.1978508;0.1978508;0.1978508;0.1978508;0.1978508;0.1978508;0.1978508;0.1978508;0.1978508;0.1978508;0.1978508;0.1978508;0.1978508;0.1978508;0.1978508;0.1978508;0.1978508;0.1978508;0.1978508;0.1978508;0.1978508;0.1978508;0.1978508;0.1978508;0.1978508;0.1978508;0.1978508;0.1978508;0.1978508;0.1978508;0.1978508;0.1978508;0.1978508;0.1978508;0.1978508;0.1978508;0.1978508;0.1978508;0.1978508;0.1978508;0.1978508;0.1978508;0.1978508;0.1978508;0.1978508;0.1978508;0.1978508;0.1978508;0.1978508;0.1978508;0.1978508;0.1978508;0.1978508;0.1978508;0.1978508;0.1978508;0.1978508;0.1978508;0.1978508;0.1978508;0.1978508;0.1978508;0.1978508;0.1978508;1;2;1.59247738;74.26592896;
0.8920772;0.82971489;0.76410461;0.69478293;0.62119313;0.54330169;0.4627023;0.38145718;0.30817776;0.25551712;0.23049336;0.21730647;0.21127052;0.2088693;0.20822146;0.20801842;0.20795839;0.20795839;0.20795839;0.20795839;0.20795839;0.20795839;0.20795839;0.20795839;0.20795839;0.20795839;0.20795839;0.20795839;0.20795839;0.20795839;0.20795839;0.20795839;0.20795839;0.20795839;0.20795839;0.20795839;0.20795839;0.20795839;0.20795839;0.20795839;0.20795839;0.20795839;0.20795839;0.20795839;0.20795839;0.20795839;0.20795839;0.20795839;0.20795839;0.20795839;0.20795839;0.20795839;0.20795839;0.20795839;0.20795839;0.20795839;0.20795839;0.20795839;0.20795839;0.20795839;0.20795839;0.20795839;0.20795839;0.20795839;0.20795839;0.20795839;0.20795839;0.20795839;0.20795839;0.20795839;0.20795839;0.20795839;0.20795839;0.20795839;0.20795839;0.20795839;0.20795839;0.20795839;0.20795839;0.20795839;0.20795839;0.20795839;0.20795839;0.20795839;0.20795839;0.20795839;0.20795839;0.20795839;0.20795839;0.20795839;0.20795839;0.20795839;0.20795839;0.20795839;0.20795839;0.20795839;0.20795839;0.20795839;0.20795839;0.20795839;1;3;1.46421704;76.21117816;
0.82925161;0.77353891;0.71698887;0.65977259;0.60354733;0.54884955;0.499524;0.45282924;0.40927763;0.37285651;0.34297751;0.3206511;0.3045995;0.29361355;0.2860404;0.28332044;0.28254799;0.28371258;0.28799889;0.29309147;0.29921892;0.3055249;0.31356532;0.32450005;0.33620109;0.34739255;0.3581834;0.36830373;0.37743958;0.38565801;0.39371439;0.40119304;0.40759027;0.41321531;0.41835632;0.42279282;0.42713032;0.43062638;0.43371482;0.43659738;0.43842708;0.43993513;0.44094606;0.44176142;0.44258509;0.44342911;0.44416035;0.44472031;0.44528042;0.44584066;0.44640104;0.44693598;0.44715514;0.44715514;0.44715514;0.44715514;0.44715514;0.44715514;0.44715514;0.44715514;0.44715514;0.44715514;0.44715514;0.44715514;0.44715514;0.44715514;0.44715514;0.44715514;0.44715514;0.44715514;0.44715514;0.44715514;0.44715514;0.44715514;0.44715514;0.44715514;0.44715514;0.44715514;0.44715514;0.44715514;0.44715514;0.44715514;0.44715514;0.44715514;0.44715514;0.44715514;0.44715514;0.44715514;0.44715514;0.44715514;0.44715514;0.44715514;0.44715514;0.44715514;0.44715514;0.44715514;0.44715514;0.44715514;0.44715514;0.44715514;1;3;1.21795258;75.77598538;
0.79974867;0.75242891;0.70433039;0.65635631;0.61002795;0.56895616;0.53264383;0.49960385;0.46786648;0.43580396;0.40460269;0.37398936;0.34423894;0.31715394;0.2905325;0.26613404;0.24690766;0.23477232;0.23007868;0.23035686;0.23787363;0.25418897;0.27535324;0.29891648;0.3235794;0.34959672;0.37569278;0.39931179;0.42189213;0.44326547;0.46325181;0.48138478;0.49764936;0.51172935;0.52431236;0.5361185;0.54588972;0.55370515;0.55976632;0.56406315;0.56726543;0.56964709;0.5714102;0.5730241;0.5743911;0.57523855;0.57581897;0.57626285;0.57666485;0.57706721;0.57739074;0.57768732;0.5779841;0.57828106;0.57848995;0.57865622;0.57875255;0.57878373;0.57878373;0.57878373;0.57878373;0.57878373;0.57878373;0.57878373;0.57878373;0.57878373;0.57878373;0.57878373;0.57878373;0.57878373;0.57878373;0.57878373;0.57878373;0.57878373;0.57878373;0.57878373;0.57878373;0.57878373;0.57878373;0.57878373;0.57878373;0.57878373;0.57878373;0.57878373;0.57878373;0.57878373;0.57878373;0.57878373;0.57878373;0.57878373;0.57878373;0.57878373;0.57878373;0.57878373;0.57878373;0.57878373;0.57878373;0.57878373;0.57878373;0.57878373;1;3;1.03762133;72.89236012;
0.75197474;0.69567849;0.63756071;0.57863561;0.51969024;0.46014374;0.40385209;0.35874695;0.32631543;0.30229025;0.28419245;0.27411075;0.27157997;0.27173029;0.27396677;0.27739365;0.28261095;0.28880101;0.29667261;0.30528817;0.31601064;0.32740844;0.34000953;0.35249743;0.36436172;0.37593942;0.38616874;0.39634602;0.40649468;0.41565613;0.42366837;0.43144952;0.43855644;0.44469946;0.4492019;0.45332796;0.45746072;0.46129137;0.46483152;0.46752347;0.47021825;0.47291588;0.47526471;0.47716383;0.47851087;0.47958355;0.48030917;0.48095575;0.4816025;0.48224941;0.48264458;0.48283677;0.48283677;0.48283677;0.48283677;0.48283677;0.48283677;0.48283677;0.48283677;0.48283677;0.48283677;0.48283677;0.48283677;0.48283677;0.48283677;0.48283677;0.48283677;0.48283677;0.48283677;0.48283677;0.48283677;0.48283677;0.48283677;0.48283677;0.48283677;0.48283677;0.48283677;0.48283677;0.48283677;0.48283677;0.48283677;0.48283677;0.48283677;0.48283677;0.48283677;0.48283677;0.48283677;0.48283677;0.48283677;0.48283677;0.48283677;0.48283677;0.48283677;0.48283677;0.48283677;0.48283677;0.48283677;0.48283677;0.48283677;0.48283677;1;3;1.33557046;73.12019298;
0.6682224;0.61350999;0.55701668;0.49957443;0.4450019;0.39361079;0.35117974;0.31444465;0.28571768;0.26556874;0.25134851;0.24659415;0.24872101;0.25521747;0.26680849;0.28223942;0.29998585;0.31974843;0.3391298;0.35868342;0.37868836;0.39773616;0.41588907;0.43327918;0.45082381;0.46732284;0.48254204;0.49634574;0.50833128;0.51805164;0.52472596;0.53015299;0.534705;0.53877889;0.54269528;0.54595661;0.54876409;0.55099574;0.55296568;0.55473919;0.5562283;0.55753309;0.55855962;0.5594297;0.56000902;0.56024604;0.56033432;0.56042262;0.56051093;0.56059926;0.56068761;0.56072143;0.56072143;0.56072143;0.56072143;0.56072143;0.56072143;0.56072143;0.56072143;0.56072143;0.56072143;0.56072143;0.56072143;0.56072143;0.56072143;0.56072143;0.56072143;0.56072143;0.56072143;0.56072143;0.56072143;0.56072143;0.56072143;0.56072143;0.56072143;0.56072143;0.56072143;0.56072143;0.56072143;0.56072143;0.56072143;0.56072143;0.56072143;0.56072143;0.56072143;0.56072143;0.56072143;0.56072143;0.56072143;0.56072143;0.56072143;0.56072143;0.56072143;0.56072143;0.56072143;0.56072143;0.56072143;0.56072143;0.56072143;0.56072143;1;3;1.3439355;73.16872126;
0.91225223;0.85802503;0.80218278;0.74480136;0.68691325;0.62969466;0.57432518;0.52244171;0.47653416;0.43530169;0.39881686;0.36786348;0.3394277;0.31583193;0.29527915;0.27982863;0.26768683;0.25603435;0.24885892;0.24527045;0.24616572;0.24925096;0.25623094;0.26537894;0.27821426;0.2923363;0.30663816;0.32132715;0.33649388;0.35210149;0.36634176;0.37923307;0.39172502;0.40298557;0.413117;0.42210051;0.42968416;0.43703304;0.44403965;0.4500681;0.45549689;0.46056916;0.46508737;0.46809791;0.47040707;0.47206507;0.47282874;0.4732507;0.47360541;0.47360541;0.47360541;0.47360541;0.47360541;0.47360541;0.47360541;0.47360541;0.47360541;0.47360541;0.47360541;0.47360541;0.47360541;0.47360541;0.47360541;0.47360541;0.47360541;0.47360541;0.47360541;0.47360541;0.47360541;0.47360541;0.47360541;0.47360541;0.47360541;0.47360541;0.47360541;0.47360541;0.47360541;0.47360541;0.47360541;0.47360541;0.47360541;0.47360541;0.47360541;0.47360541;0.47360541;0.47360541;0.47360541;0.47360541;0.47360541;0.47360541;0.47360541;0.47360541;0.47360541;0.47360541;0.47360541;0.47360541;0.47360541;0.47360541;0.47360541;0.47360541;1;3;1.59752211;73.88461494;
0.75844988;0.69549383;0.62983942;0.56107933;0.48998134;0.41970122;0.35719872;0.30420765;0.26442059;0.23763799;0.2186614;0.20586489;0.198795;0.19522339;0.19358877;0.19291701;0.19262537;0.19256374;0.19256374;0.19256374;0.19256374;0.19256374;0.19256374;0.19256374;0.19256374;0.19256374;0.19256374;0.19256374;0.19256374;0.19256374;0.19256374;0.19256374;0.19256374;0.19256374;0.19256374;0.19256374;0.19256374;0.19256374;0.19256374;0.19256374;0.19256374;0.19256374;0.19256374;0.19256374;0.19256374;0.19256374;0.19256374;0.19256374;0.19256374;0.19256374;0.19256374;0.19256374;0.19256374;0.19256374;0.19256374;0.19256374;0.19256374;0.19256374;0.19256374;0.19256374;0.19256374;0.19256374;0.19256374;0.19256374;0.19256374;0.19256374;0.19256374;0.19256374;0.19256374;0.19256374;0.19256374;0.19256374;0.19256374;0.19256374;0.19256374;0.19256374;0.19256374;0.19256374;0.19256374;0.19256374;0.19256374;0.19256374;0.19256374;0.19256374;0.19256374;0.19256374;0.19256374;0.19256374;0.19256374;0.19256374;0.19256374;0.19256374;0.19256374;0.19256374;0.19256374;0.19256374;0.19256374;0.19256374;0.19256374;0.19256374;1;3;1.59193012;74.43391525;
0.91531223;0.8544235;0.79048881;0.72308717;0.65171614;0.57577105;0.49451758;0.40705493;0.31226567;0.22111603;0.15004854;0.15621983;0.19357616;0.22930144;0.24790039;0.25494396;0.25503381;0.25503381;0.25503381;0.25503381;0.25503381;0.25503381;0.25503381;0.25503381;0.25503381;0.25503381;0.25503381;0.25503381;0.25503381;0.25503381;0.25503381;0.25503381;0.25503381;0.25503381;0.25503381;0.25503381;0.25503381;0.25503381;0.25503381;0.25503381;0.25503381;0.25503381;0.25503381;0.25503381;0.25503381;0.25503381;0.25503381;0.25503381;0.25503381;0.25503381;0.25503381;0.25503381;0.25503381;0.25503381;0.25503381;0.25503381;0.25503381;0.25503381;0.25503381;0.25503381;0.25503381;0.25503381;0.25503381;0.25503381;0.25503381;0.25503381;0.25503381;0.25503381;0.25503381;0.25503381;0.25503381;0.25503381;0.25503381;0.25503381;0.25503381;0.25503381;0.25503381;0.25503381;0.25503381;0.25503381;0.25503381;0.25503381;0.25503381;0.25503381;0.25503381;0.25503381;0.25503381;0.25503381;0.25503381;0.25503381;0.25503381;0.25503381;0.25503381;0.25503381;0.25503381;0.25503381;0.25503381;0.25503381;0.25503381;0.25503381;1;3;1.54184792;76.44316279;
0.91045702;0.85351265;0.79402246;0.73167493;0.66610545;0.59688454;0.52350273;0.44535099;0.36169513;0.27544533;0.20806606;0.16989715;0.17856934;0.21977727;0.26213537;0.28163644;0.28529911;0.28543819;0.28543819;0.28543819;0.28543819;0.28543819;0.28543819;0.28543819;0.28543819;0.28543819;0.28543819;0.28543819;0.28543819;0.28543819;0.28543819;0.28543819;0.28543819;0.28543819;0.28543819;0.28543819;0.28543819;0.28543819;0.28543819;0.28543819;0.28543819;0.28543819;0.28543819;0.28543819;0.28543819;0.28543819;0.28543819;0.28543819;0.28543819;0.28543819;0.28543819;0.28543819;0.28543819;0.28543819;0.28543819;0.28543819;0.28543819;0.28543819;0.28543819;0.28543819;0.28543819;0.28543819;0.28543819;0.28543819;0.28543819;0.28543819;0.28543819;0.28543819;0.28543819;0.28543819;0.28543819;0.28543819;0.28543819;0.28543819;0.28543819;0.28543819;0.28543819;0.28543819;0.28543819;0.28543819;0.28543819;0.28543819;0.28543819;0.28543819;0.28543819;0.28543819;0.28543819;0.28543819;0.28543819;0.28543819;0.28543819;0.28543819;0.28543819;0.28543819;0.28543819;0.28543819;0.28543819;0.28543819;0.28543819;0.28543819;1;3;1.06520176;74.98589837;
0.8054789;0.75676145;0.70796751;0.65924395;0.61049164;0.56230865;0.51437009;0.46937952;0.42743523;0.39227625;0.3626707;0.33773937;0.3166114;0.29991494;0.28502032;0.27359615;0.26580096;0.26530397;0.26871643;0.27509084;0.28363767;0.29516003;0.30744202;0.32115553;0.33428841;0.34784587;0.36138316;0.37501326;0.38797663;0.3994053;0.41068453;0.42186366;0.43233283;0.44036312;0.44795916;0.45444748;0.46028256;0.46569257;0.47097291;0.47542989;0.47954932;0.48283755;0.48577903;0.48866895;0.49131968;0.49386992;0.49615457;0.49830247;0.50006646;0.5016667;0.50299157;0.50410039;0.50502052;0.50588335;0.5064962;0.50690938;0.5072092;0.50750905;0.50780893;0.50783766;0.50783766;0.50783766;0.50783766;0.50783766;0.50783766;0.50783766;0.50783766;0.50783766;0.50783766;0.50783766;0.50783766;0.50783766;0.50783766;0.50783766;0.50783766;0.50783766;0.50783766;0.50783766;0.50783766;0.50783766;0.50783766;0.50783766;0.50783766;0.50783766;0.50783766;0.50783766;0.50783766;0.50783766;0.50783766;0.50783766;0.50783766;0.50783766;0.50783766;0.50783766;0.50783766;0.50783766;0.50783766;0.50783766;0.50783766;0.50783766;1;3;1.31410439;74.06834795;
0.99865933;0.94232429;0.88350961;0.82190105;0.75712878;0.68875459;0.61625521;0.5390006;0.4562252;0.36863083;0.27521194;0.18882249;0.14227356;0.15461604;0.19234105;0.22824146;0.24972972;0.25614477;0.25880459;0.25926366;0.25926366;0.25926366;0.25926366;0.25926366;0.25926366;0.25926366;0.25926366;0.25926366;0.25926366;0.25926366;0.25926366;0.25926366;0.25926366;0.25926366;0.25926366;0.25926366;0.25926366;0.25926366;0.25926366;0.25926366;0.25926366;0.25926366;0.25926366;0.25926366;0.25926366;0.25926366;0.25926366;0.25926366;0.25926366;0.25926366;0.25926366;0.25926366;0.25926366;0.25926366;0.25926366;0.25926366;0.25926366;0.25926366;0.25926366;0.25926366;0.25926366;0.25926366;0.25926366;0.25926366;0.25926366;0.25926366;0.25926366;0.25926366;0.25926366;0.25926366;0.25926366;0.25926366;0.25926366;0.25926366;0.25926366;0.25926366;0.25926366;0.25926366;0.25926366;0.25926366;0.25926366;0.25926366;0.25926366;0.25926366;0.25926366;0.25926366;0.25926366;0.25926366;0.25926366;0.25926366;0.25926366;0.25926366;0.25926366;0.25926366;0.25926366;0.25926366;0.25926366;0.25926366;0.25926366;0.25926366;1;3;1.45200621;75.5722459;
0.89261349;0.83916205;0.78354257;0.72551881;0.66481876;0.60112753;0.53407855;0.46351684;0.39088122;0.32077644;0.25877043;0.21577108;0.1970633;0.19481957;0.19916886;0.20285644;0.20411902;0.20461618;0.20482311;0.20482311;0.20482311;0.20482311;0.20482311;0.20482311;0.20482311;0.20482311;0.20482311;0.20482311;0.20482311;0.20482311;0.20482311;0.20482311;0.20482311;0.20482311;0.20482311;0.20482311;0.20482311;0.20482311;0.20482311;0.20482311;0.20482311;0.20482311;0.20482311;0.20482311;0.20482311;0.20482311;0.20482311;0.20482311;0.20482311;0.20482311;0.20482311;0.20482311;0.20482311;0.20482311;0.20482311;0.20482311;0.20482311;0.20482311;0.20482311;0.20482311;0.20482311;0.20482311;0.20482311;0.20482311;0.20482311;0.20482311;0.20482311;0.20482311;0.20482311;0.20482311;0.20482311;0.20482311;0.20482311;0.20482311;0.20482311;0.20482311;0.20482311;0.20482311;0.20482311;0.20482311;0.20482311;0.20482311;0.20482311;0.20482311;0.20482311;0.20482311;0.20482311;0.20482311;0.20482311;0.20482311;0.20482311;0.20482311;0.20482311;0.20482311;0.20482311;0.20482311;0.20482311;0.20482311;0.20482311;0.20482311;1;2;1.56221183;74.11695;
0.93231394;0.87333815;0.81155217;0.74658416;0.67805984;0.60570945;0.52915856;0.44822685;0.36507982;0.29190523;0.24351885;0.21522463;0.20161971;0.19547678;0.19277049;0.19207652;0.19207652;0.19207652;0.19207652;0.19207652;0.19207652;0.19207652;0.19207652;0.19207652;0.19207652;0.19207652;0.19207652;0.19207652;0.19207652;0.19207652;0.19207652;0.19207652;0.19207652;0.19207652;0.19207652;0.19207652;0.19207652;0.19207652;0.19207652;0.19207652;0.19207652;0.19207652;0.19207652;0.19207652;0.19207652;0.19207652;0.19207652;0.19207652;0.19207652;0.19207652;0.19207652;0.19207652;0.19207652;0.19207652;0.19207652;0.19207652;0.19207652;0.19207652;0.19207652;0.19207652;0.19207652;0.19207652;0.19207652;0.19207652;0.19207652;0.19207652;0.19207652;0.19207652;0.19207652;0.19207652;0.19207652;0.19207652;0.19207652;0.19207652;0.19207652;0.19207652;0.19207652;0.19207652;0.19207652;0.19207652;0.19207652;0.19207652;0.19207652;0.19207652;0.19207652;0.19207652;0.19207652;0.19207652;0.19207652;0.19207652;0.19207652;0.19207652;0.19207652;0.19207652;0.19207652;0.19207652;0.19207652;0.19207652;0.19207652;0.19207652;1;3;1.34739656;75.61140395;
0.90902237;0.85504639;0.7988285;0.74011603;0.67861654;0.61513671;0.55193223;0.48905936;0.4288397;0.37675909;0.33468174;0.30125047;0.27495029;0.25656281;0.24222574;0.23283945;0.22816402;0.2307017;0.23852632;0.25043802;0.26317288;0.2781091;0.29462454;0.31113529;0.32880451;0.3473895;0.36608075;0.38474152;0.40231869;0.41856169;0.43409513;0.4479072;0.46007637;0.47058141;0.47991453;0.48745365;0.49335484;0.49785784;0.50191529;0.50501606;0.50789351;0.5107706;0.51278416;0.51441827;0.51604254;0.51766793;0.51903516;0.52026411;0.52102366;0.52146016;0.52189674;0.52199167;0.52199167;0.52199167;0.52199167;0.52199167;0.52199167;0.52199167;0.52199167;0.52199167;0.52199167;0.52199167;0.52199167;0.52199167;0.52199167;0.52199167;0.52199167;0.52199167;0.52199167;0.52199167;0.52199167;0.52199167;0.52199167;0.52199167;0.52199167;0.52199167;0.52199167;0.52199167;0.52199167;0.52199167;0.52199167;0.52199167;0.52199167;0.52199167;0.52199167;0.52199167;0.52199167;0.52199167;0.52199167;0.52199167;0.52199167;0.52199167;0.52199167;0.52199167;0.52199167;0.52199167;0.52199167;0.52199167;0.52199167;0.52199167;1;3;1.45965823;74.40765805;
0.85937815;0.80150045;0.74189804;0.68077879;0.61794567;0.55344996;0.48838709;0.42682139;0.37093106;0.32801164;0.29286009;0.26468381;0.24688404;0.23839881;0.23451659;0.23363078;0.24130747;0.25476994;0.26944154;0.2855919;0.30209143;0.3195203;0.33767732;0.35490805;0.37026011;0.38475549;0.39842519;0.41135722;0.42369997;0.43476975;0.44461932;0.45277447;0.46055196;0.46770522;0.47332743;0.47794826;0.48225897;0.48545427;0.48780168;0.48961691;0.49026645;0.49069204;0.4911177;0.49154346;0.49196929;0.49239521;0.49282121;0.49324729;0.49356177;0.49356177;0.49356177;0.49356177;0.49356177;0.49356177;0.49356177;0.49356177;0.49356177;0.49356177;0.49356177;0.49356177;0.49356177;0.49356177;0.49356177;0.49356177;0.49356177;0.49356177;0.49356177;0.49356177;0.49356177;0.49356177;0.49356177;0.49356177;0.49356177;0.49356177;0.49356177;0.49356177;0.49356177;0.49356177;0.49356177;0.49356177;0.49356177;0.49356177;0.49356177;0.49356177;0.49356177;0.49356177;0.49356177;0.49356177;0.49356177;0.49356177;0.49356177;0.49356177;0.49356177;0.49356177;0.49356177;0.49356177;0.49356177;0.49356177;0.49356177;0.49356177;1;3;1.29624381;74.91682749;
0.9715568;0.91573732;0.85752038;0.79666252;0.73297799;0.66609006;0.59559888;0.52180229;0.44662518;0.37310387;0.30476837;0.25186331;0.21922132;0.20382674;0.19638277;0.19368363;0.19307062;0.19277238;0.19265598;0.1926114;0.1926114;0.1926114;0.1926114;0.1926114;0.1926114;0.1926114;0.1926114;0.1926114;0.1926114;0.1926114;0.1926114;0.1926114;0.1926114;0.1926114;0.1926114;0.1926114;0.1926114;0.1926114;0.1926114;0.1926114;0.1926114;0.1926114;0.1926114;0.1926114;0.1926114;0.1926114;0.1926114;0.1926114;0.1926114;0.1926114;0.1926114;0.1926114;0.1926114;0.1926114;0.1926114;0.1926114;0.1926114;0.1926114;0.1926114;0.1926114;0.1926114;0.1926114;0.1926114;0.1926114;0.1926114;0.1926114;0.1926114;0.1926114;0.1926114;0.1926114;0.1926114;0.1926114;0.1926114;0.1926114;0.1926114;0.1926114;0.1926114;0.1926114;0.1926114;0.1926114;0.1926114;0.1926114;0.1926114;0.1926114;0.1926114;0.1926114;0.1926114;0.1926114;0.1926114;0.1926114;0.1926114;0.1926114;0.1926114;0.1926114;0.1926114;0.1926114;0.1926114;0.1926114;0.1926114;0.1926114;1;3;2.0927783;74.65971667;
0.87021086;0.81008653;0.74702307;0.68063321;0.61045836;0.53595136;0.45645393;0.3711669;0.27931268;0.19672979;0.15066481;0.15856196;0.19645903;0.22929984;0.25254381;0.26413898;0.26676671;0.26684834;0.26684834;0.26684834;0.26684834;0.26684834;0.26684834;0.26684834;0.26684834;0.26684834;0.26684834;0.26684834;0.26684834;0.26684834;0.26684834;0.26684834;0.26684834;0.26684834;0.26684834;0.26684834;0.26684834;0.26684834;0.26684834;0.26684834;0.26684834;0.26684834;0.26684834;0.26684834;0.26684834;0.26684834;0.26684834;0.26684834;0.26684834;0.26684834;0.26684834;0.26684834;0.26684834;0.26684834;0.26684834;0.26684834;0.26684834;0.26684834;0.26684834;0.26684834;0.26684834;0.26684834;0.26684834;0.26684834;0.26684834;0.26684834;0.26684834;0.26684834;0.26684834;0.26684834;0.26684834;0.26684834;0.26684834;0.26684834;0.26684834;0.26684834;0.26684834;0.26684834;0.26684834;0.26684834;0.26684834;0.26684834;0.26684834;0.26684834;0.26684834;0.26684834;0.26684834;0.26684834;0.26684834;0.26684834;0.26684834;0.26684834;0.26684834;0.26684834;0.26684834;0.26684834;0.26684834;0.26684834;0.26684834;0.26684834;1;3;1.46615904;75.72592453;
0.77270052;0.720369;0.66676963;0.61212048;0.55809687;0.50442263;0.45449291;0.41398875;0.37642639;0.34190309;0.31152199;0.28411851;0.26284234;0.24745953;0.23984359;0.24049423;0.24675144;0.25721569;0.26959313;0.28506403;0.30369826;0.32353987;0.34369436;0.36384098;0.38255054;0.40199143;0.42003714;0.4353403;0.44968116;0.46284632;0.47497895;0.48496551;0.49348427;0.50035471;0.50550842;0.50939012;0.51248491;0.51510982;0.51753173;0.5198055;0.52164209;0.52328149;0.52489394;0.52645691;0.5278755;0.52912051;0.53032534;0.53150327;0.53243576;0.53323763;0.53397478;0.53465843;0.53513823;0.5353838;0.53555467;0.53571484;0.53587507;0.53603535;0.53612585;0.53615212;0.53615212;0.53615212;0.53615212;0.53615212;0.53615212;0.53615212;0.53615212;0.53615212;0.53615212;0.53615212;0.53615212;0.53615212;0.53615212;0.53615212;0.53615212;0.53615212;0.53615212;0.53615212;0.53615212;0.53615212;0.53615212;0.53615212;0.53615212;0.53615212;0.53615212;0.53615212;0.53615212;0.53615212;0.53615212;0.53615212;0.53615212;0.53615212;0.53615212;0.53615212;0.53615212;0.53615212;0.53615212;0.53615212;0.53615212;0.53615212;1;3;1.53334045;73.1400848;
0.90194023;0.8441636;0.78374445;0.72035161;0.65359605;0.58301762;0.50806799;0.42808841;0.34228037;0.25065477;0.16997921;0.1389618;0.15394064;0.19234349;0.22202307;0.23743154;0.24297783;0.24417611;0.24417611;0.24417611;0.24417611;0.24417611;0.24417611;0.24417611;0.24417611;0.24417611;0.24417611;0.24417611;0.24417611;0.24417611;0.24417611;0.24417611;0.24417611;0.24417611;0.24417611;0.24417611;0.24417611;0.24417611;0.24417611;0.24417611;0.24417611;0.24417611;0.24417611;0.24417611;0.24417611;0.24417611;0.24417611;0.24417611;0.24417611;0.24417611;0.24417611;0.24417611;0.24417611;0.24417611;0.24417611;0.24417611;0.24417611;0.24417611;0.24417611;0.24417611;0.24417611;0.24417611;0.24417611;0.24417611;0.24417611;0.24417611;0.24417611;0.24417611;0.24417611;0.24417611;0.24417611;0.24417611;0.24417611;0.24417611;0.24417611;0.24417611;0.24417611;0.24417611;0.24417611;0.24417611;0.24417611;0.24417611;0.24417611;0.24417611;0.24417611;0.24417611;0.24417611;0.24417611;0.24417611;0.24417611;0.24417611;0.24417611;0.24417611;0.24417611;0.24417611;0.24417611;0.24417611;0.24417611;0.24417611;0.24417611;1;3;1.95766161;74.83406738;
0.90696639;0.85272257;0.79622523;0.73722103;0.67541706;0.61047267;0.54198929;0.46949754;0.39307089;0.31976732;0.26016742;0.22280719;0.20686914;0.20339015;0.20393884;0.20410364;0.20414003;0.20414591;0.20412672;0.20412158;0.20412158;0.20412158;0.20412158;0.20412158;0.20412158;0.20412158;0.20412158;0.20412158;0.20412158;0.20412158;0.20412158;0.20412158;0.20412158;0.20412158;0.20412158;0.20412158;0.20412158;0.20412158;0.20412158;0.20412158;0.20412158;0.20412158;0.20412158;0.20412158;0.20412158;0.20412158;0.20412158;0.20412158;0.20412158;0.20412158;0.20412158;0.20412158;0.20412158;0.20412158;0.20412158;0.20412158;0.20412158;0.20412158;0.20412158;0.20412158;0.20412158;0.20412158;0.20412158;0.20412158;0.20412158;0.20412158;0.20412158;0.20412158;0.20412158;0.20412158;0.20412158;0.20412158;0.20412158;0.20412158;0.20412158;0.20412158;0.20412158;0.20412158;0.20412158;0.20412158;0.20412158;0.20412158;0.20412158;0.20412158;0.20412158;0.20412158;0.20412158;0.20412158;0.20412158;0.20412158;0.20412158;0.20412158;0.20412158;0.20412158;0.20412158;0.20412158;0.20412158;0.20412158;0.20412158;0.20412158;1;2;1.39676257;74.90328689;
0.91030038;0.85509219;0.79769207;0.73928934;0.67905075;0.61691876;0.55328353;0.49185234;0.4319857;0.37703038;0.33964619;0.31001478;0.28909471;0.27725954;0.27123267;0.26730494;0.26855032;0.27175238;0.27740832;0.28462613;0.29403635;0.30503542;0.3165637;0.32871416;0.34183932;0.35459313;0.36751723;0.38020162;0.39201586;0.40279041;0.41255555;0.42136235;0.4291498;0.43628517;0.44229913;0.44816675;0.45404806;0.45971177;0.46391107;0.46706356;0.4700603;0.47235955;0.47369622;0.4750336;0.47628853;0.47727208;0.47825602;0.47924034;0.47988876;0.48051715;0.48114569;0.48150355;0.48181185;0.48211407;0.48211407;0.48211407;0.48211407;0.48211407;0.48211407;0.48211407;0.48211407;0.48211407;0.48211407;0.48211407;0.48211407;0.48211407;0.48211407;0.48211407;0.48211407;0.48211407;0.48211407;0.48211407;0.48211407;0.48211407;0.48211407;0.48211407;0.48211407;0.48211407;0.48211407;0.48211407;0.48211407;0.48211407;0.48211407;0.48211407;0.48211407;0.48211407;0.48211407;0.48211407;0.48211407;0.48211407;0.48211407;0.48211407;0.48211407;0.48211407;0.48211407;0.48211407;0.48211407;0.48211407;0.48211407;0.48211407;1;3;1.44727879;74.78577083;
0.92049848;0.86399745;0.80547498;0.74528347;0.6849587;0.62716292;0.57301099;0.52533824;0.48311993;0.44544604;0.41511618;0.39428828;0.38144569;0.37304634;0.36731655;0.36440499;0.36307335;0.36228547;0.36198502;0.36198502;0.36198502;0.36198502;0.36198502;0.36198502;0.36198502;0.36198502;0.36198502;0.36198502;0.36198502;0.36198502;0.36198502;0.36198502;0.36198502;0.36198502;0.36198502;0.36198502;0.36198502;0.36198502;0.36198502;0.36198502;0.36198502;0.36198502;0.36198502;0.36198502;0.36198502;0.36198502;0.36198502;0.36198502;0.36198502;0.36198502;0.36198502;0.36198502;0.36198502;0.36198502;0.36198502;0.36198502;0.36198502;0.36198502;0.36198502;0.36198502;0.36198502;0.36198502;0.36198502;0.36198502;0.36198502;0.36198502;0.36198502;0.36198502;0.36198502;0.36198502;0.36198502;0.36198502;0.36198502;0.36198502;0.36198502;0.36198502;0.36198502;0.36198502;0.36198502;0.36198502;0.36198502;0.36198502;0.36198502;0.36198502;0.36198502;0.36198502;0.36198502;0.36198502;0.36198502;0.36198502;0.36198502;0.36198502;0.36198502;0.36198502;0.36198502;0.36198502;0.36198502;0.36198502;0.36198502;0.36198502;1;3;1.90794193;75.15795556;
0.90409655;0.84725821;0.78864161;0.72891661;0.66935697;0.61078196;0.55457236;0.50253918;0.4579606;0.41917973;0.38536591;0.35681884;0.33304367;0.31437019;0.3012597;0.28994996;0.28181954;0.2776324;0.27572785;0.27516002;0.27615601;0.27858043;0.28427439;0.29252751;0.30155413;0.31203467;0.32354817;0.33579133;0.34714956;0.35732644;0.3664299;0.37497999;0.38236731;0.38895834;0.3948824;0.40001396;0.40440971;0.40834897;0.41184903;0.41522853;0.41828487;0.42122986;0.42377491;0.42558136;0.42711598;0.42844841;0.42954052;0.43030912;0.43104389;0.4315227;0.43191794;0.43231325;0.43270863;0.43310408;0.43315527;0.43315527;0.43315527;0.43315527;0.43315527;0.43315527;0.43315527;0.43315527;0.43315527;0.43315527;0.43315527;0.43315527;0.43315527;0.43315527;0.43315527;0.43315527;0.43315527;0.43315527;0.43315527;0.43315527;0.43315527;0.43315527;0.43315527;0.43315527;0.43315527;0.43315527;0.43315527;0.43315527;0.43315527;0.43315527;0.43315527;0.43315527;0.43315527;0.43315527;0.43315527;0.43315527;0.43315527;0.43315527;0.43315527;0.43315527;0.43315527;0.43315527;0.43315527;0.43315527;0.43315527;0.43315527;1;3;1.28951722;75.26167251;
0.89547458;0.8371079;0.77658337;0.71403838;0.65201308;0.5916112;0.53320209;0.48222926;0.44339621;0.4160506;0.39674374;0.3833117;0.37501684;0.37067011;0.36760735;0.36537998;0.36439821;0.36373659;0.36345013;0.36323292;0.36311991;0.36311991;0.36311991;0.36311991;0.36311991;0.36311991;0.36311991;0.36311991;0.36311991;0.36311991;0.36311991;0.36311991;0.36311991;0.36311991;0.36311991;0.36311991;0.36311991;0.36311991;0.36311991;0.36311991;0.36311991;0.36311991;0.36311991;0.36311991;0.36311991;0.36311991;0.36311991;0.36311991;0.36311991;0.36311991;0.36311991;0.36311991;0.36311991;0.36311991;0.36311991;0.36311991;0.36311991;0.36311991;0.36311991;0.36311991;0.36311991;0.36311991;0.36311991;0.36311991;0.36311991;0.36311991;0.36311991;0.36311991;0.36311991;0.36311991;0.36311991;0.36311991;0.36311991;0.36311991;0.36311991;0.36311991;0.36311991;0.36311991;0.36311991;0.36311991;0.36311991;0.36311991;0.36311991;0.36311991;0.36311991;0.36311991;0.36311991;0.36311991;0.36311991;0.36311991;0.36311991;0.36311991;0.36311991;0.36311991;0.36311991;0.36311991;0.36311991;0.36311991;0.36311991;0.36311991;1;3;1.38069117;74.89784746;
0.85102225;0.79413713;0.73480582;0.6730862;0.60828387;0.54280715;0.47817627;0.42016441;0.36889206;0.32598623;0.29376163;0.27338837;0.25945691;0.24999082;0.24323792;0.2390591;0.23828815;0.24130567;0.24813963;0.25786435;0.27227396;0.28988268;0.30842515;0.32669725;0.34593438;0.36453546;0.38214099;0.39887641;0.41494434;0.42879553;0.44124396;0.45055514;0.45873287;0.46615402;0.47170933;0.47594292;0.47978394;0.48297543;0.48592769;0.48828538;0.49043115;0.49176409;0.49275363;0.493133;0.493133;0.493133;0.493133;0.493133;0.493133;0.493133;0.493133;0.493133;0.493133;0.493133;0.493133;0.493133;0.493133;0.493133;0.493133;0.493133;0.493133;0.493133;0.493133;0.493133;0.493133;0.493133;0.493133;0.493133;0.493133;0.493133;0.493133;0.493133;0.493133;0.493133;0.493133;0.493133;0.493133;0.493133;0.493133;0.493133;0.493133;0.493133;0.493133;0.493133;0.493133;0.493133;0.493133;0.493133;0.493133;0.493133;0.493133;0.493133;0.493133;0.493133;0.493133;0.493133;0.493133;0.493133;0.493133;0.493133;1;3;1.20935652;74.29316379;
0.83890969;0.78101338;0.72049985;0.65748195;0.59178363;0.52352499;0.45296485;0.38541212;0.33085488;0.29211129;0.26239438;0.24803962;0.24498125;0.24690138;0.25133713;0.26019336;0.27104951;0.28311161;0.29736508;0.31394317;0.33180155;0.35193614;0.37192376;0.39145246;0.40757283;0.42208346;0.43466182;0.44556363;0.45388665;0.4603751;0.4658357;0.47059179;0.47399872;0.47678427;0.47925539;0.48170801;0.48320233;0.4840074;0.48476922;0.48553129;0.48608382;0.48642154;0.48675931;0.48709713;0.48743499;0.48768525;0.48768525;0.48768525;0.48768525;0.48768525;0.48768525;0.48768525;0.48768525;0.48768525;0.48768525;0.48768525;0.48768525;0.48768525;0.48768525;0.48768525;0.48768525;0.48768525;0.48768525;0.48768525;0.48768525;0.48768525;0.48768525;0.48768525;0.48768525;0.48768525;0.48768525;0.48768525;0.48768525;0.48768525;0.48768525;0.48768525;0.48768525;0.48768525;0.48768525;0.48768525;0.48768525;0.48768525;0.48768525;0.48768525;0.48768525;0.48768525;0.48768525;0.48768525;0.48768525;0.48768525;0.48768525;0.48768525;0.48768525;0.48768525;0.48768525;0.48768525;0.48768525;0.48768525;0.48768525;0.48768525;1;3;1.30405896;75.20450862;
0.90328917;0.84881219;0.7920287;0.73267536;0.67079717;0.60767611;0.5433265;0.47991244;0.41810214;0.36480933;0.32056642;0.28556139;0.26102534;0.24166354;0.22940023;0.22377308;0.22700728;0.23508991;0.24592747;0.25994734;0.27540408;0.2943113;0.31515406;0.33632928;0.35587535;0.37285173;0.38958503;0.4054443;0.41944258;0.4330369;0.44577285;0.45780179;0.46835527;0.47700107;0.48429671;0.48991018;0.49444296;0.49838208;0.5008888;0.50258558;0.50428367;0.50541668;0.50622047;0.50702455;0.50754585;0.50788586;0.50820422;0.50820422;0.50820422;0.50820422;0.50820422;0.50820422;0.50820422;0.50820422;0.50820422;0.50820422;0.50820422;0.50820422;0.50820422;0.50820422;0.50820422;0.50820422;0.50820422;0.50820422;0.50820422;0.50820422;0.50820422;0.50820422;0.50820422;0.50820422;0.50820422;0.50820422;0.50820422;0.50820422;0.50820422;0.50820422;0.50820422;0.50820422;0.50820422;0.50820422;0.50820422;0.50820422;0.50820422;0.50820422;0.50820422;0.50820422;0.50820422;0.50820422;0.50820422;0.50820422;0.50820422;0.50820422;0.50820422;0.50820422;0.50820422;0.50820422;0.50820422;0.50820422;0.50820422;0.50820422;1;3;1.31231583;74.44475;
0.8005954;0.74548432;0.6879898;0.62784758;0.56475263;0.49835089;0.42828646;0.35510121;0.28326755;0.22358821;0.18842491;0.18034306;0.1875906;0.19432214;0.19838251;0.19977143;0.20036413;0.20036413;0.20036413;0.20036413;0.20036413;0.20036413;0.20036413;0.20036413;0.20036413;0.20036413;0.20036413;0.20036413;0.20036413;0.20036413;0.20036413;0.20036413;0.20036413;0.20036413;0.20036413;0.20036413;0.20036413;0.20036413;0.20036413;0.20036413;0.20036413;0.20036413;0.20036413;0.20036413;0.20036413;0.20036413;0.20036413;0.20036413;0.20036413;0.20036413;0.20036413;0.20036413;0.20036413;0.20036413;0.20036413;0.20036413;0.20036413;0.20036413;0.20036413;0.20036413;0.20036413;0.20036413;0.20036413;0.20036413;0.20036413;0.20036413;0.20036413;0.20036413;0.20036413;0.20036413;0.20036413;0.20036413;0.20036413;0.20036413;0.20036413;0.20036413;0.20036413;0.20036413;0.20036413;0.20036413;0.20036413;0.20036413;0.20036413;0.20036413;0.20036413;0.20036413;0.20036413;0.20036413;0.20036413;0.20036413;0.20036413;0.20036413;0.20036413;0.20036413;0.20036413;0.20036413;0.20036413;0.20036413;0.20036413;0.20036413;1;2;1.3676085;73.93030328;
0.72355759;0.66368516;0.60367866;0.54306864;0.48185726;0.42042316;0.36698039;0.32875197;0.30341622;0.29114076;0.28437388;0.28354807;0.2884084;0.29570578;0.30503547;0.31557385;0.32619129;0.33805693;0.34892974;0.35941051;0.37045469;0.38177176;0.39238144;0.40229961;0.41147599;0.42080595;0.42983099;0.43802507;0.44553039;0.45256976;0.45919689;0.46409523;0.4681596;0.47203496;0.47589442;0.47925915;0.4825393;0.4850843;0.48733011;0.48932619;0.49132373;0.49296911;0.49454928;0.4957378;0.4965863;0.49743506;0.49815667;0.49871345;0.49927034;0.49982734;0.50038446;0.50085531;0.50109394;0.50133259;0.50157126;0.5015933;0.5015933;0.5015933;0.5015933;0.5015933;0.5015933;0.5015933;0.5015933;0.5015933;0.5015933;0.5015933;0.5015933;0.5015933;0.5015933;0.5015933;0.5015933;0.5015933;0.5015933;0.5015933;0.5015933;0.5015933;0.5015933;0.5015933;0.5015933;0.5015933;0.5015933;0.5015933;0.5015933;0.5015933;0.5015933;0.5015933;0.5015933;0.5015933;0.5015933;0.5015933;0.5015933;0.5015933;0.5015933;0.5015933;0.5015933;0.5015933;0.5015933;0.5015933;0.5015933;0.5015933;1;3;1.72368774;74.67600893;
